注文コード,明細コード,日付,顧客コード,顧客名,支社名,販売エリア,商品コード,商品名,分類,単価,数量,金額
1101,1,2016/1/7,101,深田出版,本社,東京都内,E1001,ミネラルウォーター,その他,820 ,120,98400 
1101,2,2016/1/7,101,深田出版,本社,東京都内,E1002,コーンスープ,その他,1500 ,75,112500 
1102,3,2016/1/7,102,寺本システム,本社,東京都内,E1001,ミネラルウォーター,その他,820 ,150,123000 
1102,4,2016/1/7,102,寺本システム,本社,東京都内,E1003,カップ麺詰め合わせ,その他,1800 ,150,270000 
1102,5,2016/1/7,102,寺本システム,本社,東京都内,C1003,無糖コーヒー,コーヒー,2000 ,450,900000 
1103,6,2016/1/7,103,西山フーズ,新宿支社,東京都内,T1001,煎茶,お茶,1170 ,60,70200 
1103,7,2016/1/7,103,西山フーズ,新宿支社,東京都内,T1003,紅茶,お茶,1800 ,150,270000 
1104,8,2016/1/7,104,吉村不動産,新宿支社,東京都内,E1001,ミネラルウォーター,その他,820 ,90,73800 
1104,9,2016/1/7,104,吉村不動産,新宿支社,東京都内,E1003,カップ麺詰め合わせ,その他,1800 ,75,135000 
1104,10,2016/1/7,104,吉村不動産,新宿支社,東京都内,E1004,ココア,その他,1300 ,15,19500 
1105,11,2016/1/7,105,川越トラベル,さいたま支社,北関東,E1001,ミネラルウォーター,その他,820 ,90,73800 
1105,12,2016/1/7,105,川越トラベル,さいたま支社,北関東,E1004,ココア,その他,1300 ,60,78000 
1106,13,2016/1/7,106,森本食品,さいたま支社,北関東,C1001,ドリップコーヒー,コーヒー,2150 ,300,645000 
1106,14,2016/1/7,106,森本食品,さいたま支社,北関東,C1002,カフェオーレ,コーヒー,1700 ,300,510000 
1107,15,2016/1/7,107,鈴木ハウジング,前橋支社,北関東,T1001,煎茶,お茶,1170 ,105,122850 
1107,16,2016/1/7,107,鈴木ハウジング,前橋支社,北関東,C1001,ドリップコーヒー,コーヒー,2150 ,75,161250 
1107,17,2016/1/7,107,鈴木ハウジング,前橋支社,北関東,C1003,無糖コーヒー,コーヒー,2000 ,75,150000 
1108,18,2016/1/7,108,デザインアルテ,浦安支社,南関東,E1001,ミネラルウォーター,その他,820 ,150,123000 
1108,19,2016/1/7,108,デザインアルテ,浦安支社,南関東,E1002,コーンスープ,その他,1500 ,75,112500 
1108,20,2016/1/7,108,デザインアルテ,浦安支社,南関東,C1001,ドリップコーヒー,コーヒー,2150 ,300,645000 
1108,21,2016/1/7,108,デザインアルテ,浦安支社,南関東,C1003,無糖コーヒー,コーヒー,2000 ,350,700000 
1109,22,2016/1/7,109,若槻自動車,横浜支社,南関東,E1001,ミネラルウォーター,その他,820 ,150,123000 
1109,23,2016/1/7,109,若槻自動車,横浜支社,南関東,E1003,カップ麺詰め合わせ,その他,1800 ,30,54000 
1110,24,2016/1/7,110,辻本飲料販売,横浜支社,南関東,T1001,煎茶,お茶,1170 ,150,175500 
1110,25,2016/1/7,110,辻本飲料販売,横浜支社,南関東,T1002,麦茶,お茶,900 ,150,135000 
1110,26,2016/1/7,110,辻本飲料販売,横浜支社,南関東,T1003,紅茶,お茶,1800 ,150,270000 
1111,27,2016/1/15,101,深田出版,本社,東京都内,E1001,ミネラルウォーター,その他,820 ,120,98400 
1111,28,2016/1/15,101,深田出版,本社,東京都内,E1002,コーンスープ,その他,1500 ,60,90000 
1112,29,2016/1/15,102,寺本システム,本社,東京都内,E1001,ミネラルウォーター,その他,820 ,150,123000 
1112,30,2016/1/15,102,寺本システム,本社,東京都内,E1003,カップ麺詰め合わせ,その他,1800 ,150,270000 
1112,31,2016/1/15,102,寺本システム,本社,東京都内,C1003,無糖コーヒー,コーヒー,2000 ,450,900000 
1113,32,2016/1/15,103,西山フーズ,新宿支社,東京都内,T1001,煎茶,お茶,1170 ,60,70200 
1113,33,2016/1/15,103,西山フーズ,新宿支社,東京都内,T1003,紅茶,お茶,1800 ,165,297000 
1114,34,2016/1/15,104,吉村不動産,新宿支社,東京都内,E1001,ミネラルウォーター,その他,820 ,90,73800 
1114,35,2016/1/15,104,吉村不動産,新宿支社,東京都内,E1003,カップ麺詰め合わせ,その他,1800 ,75,135000 
1115,36,2016/1/15,105,川越トラベル,さいたま支社,北関東,E1001,ミネラルウォーター,その他,820 ,90,73800 
1115,37,2016/1/15,105,川越トラベル,さいたま支社,北関東,E1004,ココア,その他,1300 ,60,78000 
1116,38,2016/1/15,106,森本食品,さいたま支社,北関東,C1001,ドリップコーヒー,コーヒー,2150 ,300,645000 
1116,39,2016/1/15,106,森本食品,さいたま支社,北関東,C1002,カフェオーレ,コーヒー,1700 ,375,637500 
1117,40,2016/1/15,107,鈴木ハウジング,前橋支社,北関東,T1001,煎茶,お茶,1170 ,105,122850 
1118,41,2016/1/15,108,デザインアルテ,浦安支社,南関東,E1001,ミネラルウォーター,その他,820 ,150,123000 
1118,42,2016/1/15,108,デザインアルテ,浦安支社,南関東,E1002,コーンスープ,その他,1500 ,75,112500 
1118,43,2016/1/15,108,デザインアルテ,浦安支社,南関東,C1001,ドリップコーヒー,コーヒー,2150 ,300,645000 
1118,44,2016/1/15,108,デザインアルテ,浦安支社,南関東,C1003,無糖コーヒー,コーヒー,2000 ,250,500000 
1119,45,2016/1/15,109,若槻自動車,横浜支社,南関東,E1001,ミネラルウォーター,その他,820 ,150,123000 
1119,46,2016/1/15,109,若槻自動車,横浜支社,南関東,E1003,カップ麺詰め合わせ,その他,1800 ,45,81000 
1120,47,2016/1/15,110,辻本飲料販売,横浜支社,南関東,T1001,煎茶,お茶,1170 ,150,175500 
1120,48,2016/1/15,110,辻本飲料販売,横浜支社,南関東,T1002,麦茶,お茶,900 ,150,135000 
1120,49,2016/1/15,110,辻本飲料販売,横浜支社,南関東,T1003,紅茶,お茶,1800 ,150,270000 
1121,50,2016/2/1,101,深田出版,本社,東京都内,E1001,ミネラルウォーター,その他,820 ,150,123000 
1121,51,2016/2/1,101,深田出版,本社,東京都内,E1002,コーンスープ,その他,1500 ,75,112500 
1122,52,2016/2/1,102,寺本システム,本社,東京都内,E1001,ミネラルウォーター,その他,820 ,150,123000 
1122,53,2016/2/1,102,寺本システム,本社,東京都内,E1003,カップ麺詰め合わせ,その他,1800 ,150,270000 
1122,54,2016/2/1,102,寺本システム,本社,東京都内,C1003,無糖コーヒー,コーヒー,2000 ,450,900000 
1123,55,2016/2/1,103,西山フーズ,新宿支社,東京都内,T1001,煎茶,お茶,1170 ,60,70200 
1123,56,2016/2/1,103,西山フーズ,新宿支社,東京都内,T1003,紅茶,お茶,1800 ,150,270000 
1124,57,2016/2/1,104,吉村不動産,新宿支社,東京都内,E1001,ミネラルウォーター,その他,820 ,90,73800 
1124,58,2016/2/1,104,吉村不動産,新宿支社,東京都内,E1003,カップ麺詰め合わせ,その他,1800 ,90,162000 
1124,59,2016/2/1,104,吉村不動産,新宿支社,東京都内,E1004,ココア,その他,1300 ,15,19500 
1125,60,2016/2/1,105,川越トラベル,さいたま支社,北関東,E1001,ミネラルウォーター,その他,820 ,90,73800 
1125,61,2016/2/1,105,川越トラベル,さいたま支社,北関東,E1004,ココア,その他,1300 ,60,78000 
1126,62,2016/2/1,106,森本食品,さいたま支社,北関東,C1001,ドリップコーヒー,コーヒー,2150 ,375,806250 
1126,63,2016/2/1,106,森本食品,さいたま支社,北関東,C1002,カフェオーレ,コーヒー,1700 ,300,510000 
1127,64,2016/2/1,107,鈴木ハウジング,前橋支社,北関東,T1001,煎茶,お茶,1170 ,105,122850 
1127,65,2016/2/1,107,鈴木ハウジング,前橋支社,北関東,T1003,紅茶,お茶,1800 ,30,54000 
1128,66,2016/2/1,108,デザインアルテ,浦安支社,南関東,E1001,ミネラルウォーター,その他,820 ,165,135300 
1128,67,2016/2/1,108,デザインアルテ,浦安支社,南関東,E1002,コーンスープ,その他,1500 ,75,112500 
1128,68,2016/2/1,108,デザインアルテ,浦安支社,南関東,C1001,ドリップコーヒー,コーヒー,2150 ,350,752500 
1128,69,2016/2/1,108,デザインアルテ,浦安支社,南関東,C1003,無糖コーヒー,コーヒー,2000 ,300,600000 
1129,70,2016/2/1,109,若槻自動車,横浜支社,南関東,E1001,ミネラルウォーター,その他,820 ,150,123000 
1129,71,2016/2/1,109,若槻自動車,横浜支社,南関東,E1003,カップ麺詰め合わせ,その他,1800 ,30,54000 
1130,72,2016/2/1,110,辻本飲料販売,横浜支社,南関東,T1001,煎茶,お茶,1170 ,150,175500 
1130,73,2016/2/1,110,辻本飲料販売,横浜支社,南関東,T1002,麦茶,お茶,900 ,180,162000 
1130,74,2016/2/1,110,辻本飲料販売,横浜支社,南関東,T1003,紅茶,お茶,1800 ,150,270000 
1131,75,2016/2/15,101,深田出版,本社,東京都内,E1001,ミネラルウォーター,その他,820 ,120,98400 
1131,76,2016/2/15,101,深田出版,本社,東京都内,E1002,コーンスープ,その他,1500 ,75,112500 
1132,77,2016/2/15,102,寺本システム,本社,東京都内,E1001,ミネラルウォーター,その他,820 ,150,123000 
1132,78,2016/2/15,102,寺本システム,本社,東京都内,E1003,カップ麺詰め合わせ,その他,1800 ,165,297000 
1132,79,2016/2/15,102,寺本システム,本社,東京都内,C1003,無糖コーヒー,コーヒー,2000 ,450,900000 
1133,80,2016/2/15,103,西山フーズ,新宿支社,東京都内,T1001,煎茶,お茶,1170 ,60,70200 
1133,81,2016/2/15,103,西山フーズ,新宿支社,東京都内,T1003,紅茶,お茶,1800 ,180,324000 
1134,82,2016/2/15,104,吉村不動産,新宿支社,東京都内,E1001,ミネラルウォーター,その他,820 ,90,73800 
1134,83,2016/2/15,104,吉村不動産,新宿支社,東京都内,E1003,カップ麺詰め合わせ,その他,1800 ,75,135000 
1135,84,2016/2/15,105,川越トラベル,さいたま支社,北関東,E1001,ミネラルウォーター,その他,820 ,90,73800 
1135,85,2016/2/15,105,川越トラベル,さいたま支社,北関東,E1002,コーンスープ,その他,1500 ,45,67500 
1135,86,2016/2/15,105,川越トラベル,さいたま支社,北関東,E1004,ココア,その他,1300 ,75,97500 
1136,87,2016/2/15,106,森本食品,さいたま支社,北関東,C1001,ドリップコーヒー,コーヒー,2150 ,300,645000 
1136,88,2016/2/15,106,森本食品,さいたま支社,北関東,C1002,カフェオーレ,コーヒー,1700 ,300,510000 
1137,89,2016/2/15,107,鈴木ハウジング,前橋支社,北関東,T1001,煎茶,お茶,1170 ,105,122850 
1138,90,2016/2/15,108,デザインアルテ,浦安支社,南関東,E1001,ミネラルウォーター,その他,820 ,150,123000 
1138,91,2016/2/15,108,デザインアルテ,浦安支社,南関東,E1002,コーンスープ,その他,1500 ,90,135000 
1138,92,2016/2/15,108,デザインアルテ,浦安支社,南関東,C1001,ドリップコーヒー,コーヒー,2150 ,300,645000 
1138,93,2016/2/15,108,デザインアルテ,浦安支社,南関東,C1003,無糖コーヒー,コーヒー,2000 ,250,500000 
1139,94,2016/2/15,109,若槻自動車,横浜支社,南関東,E1001,ミネラルウォーター,その他,820 ,150,123000 
1139,95,2016/2/15,109,若槻自動車,横浜支社,南関東,E1003,カップ麺詰め合わせ,その他,1800 ,30,54000 
1140,96,2016/2/15,110,辻本飲料販売,横浜支社,南関東,T1001,煎茶,お茶,1170 ,150,175500 
1140,97,2016/2/15,110,辻本飲料販売,横浜支社,南関東,T1002,麦茶,お茶,900 ,180,162000 
1140,98,2016/2/15,110,辻本飲料販売,横浜支社,南関東,T1003,紅茶,お茶,1800 ,150,270000 
1141,99,2016/3/1,101,深田出版,本社,東京都内,E1001,ミネラルウォーター,その他,820 ,120,98400 
1141,100,2016/3/1,101,深田出版,本社,東京都内,E1002,コーンスープ,その他,1500 ,90,135000 
1142,101,2016/3/1,102,寺本システム,本社,東京都内,E1001,ミネラルウォーター,その他,820 ,150,123000 
1142,102,2016/3/1,102,寺本システム,本社,東京都内,E1003,カップ麺詰め合わせ,その他,1800 ,150,270000 
1142,103,2016/3/1,102,寺本システム,本社,東京都内,C1003,無糖コーヒー,コーヒー,2000 ,375,750000 
1143,104,2016/3/1,103,西山フーズ,新宿支社,東京都内,T1001,煎茶,お茶,1170 ,60,70200 
1143,105,2016/3/1,103,西山フーズ,新宿支社,東京都内,T1003,紅茶,お茶,1800 ,120,216000 
1144,106,2016/3/1,104,吉村不動産,新宿支社,東京都内,E1001,ミネラルウォーター,その他,820 ,90,73800 
1144,107,2016/3/1,104,吉村不動産,新宿支社,東京都内,E1003,カップ麺詰め合わせ,その他,1800 ,75,135000 
1144,108,2016/3/1,104,吉村不動産,新宿支社,東京都内,E1004,ココア,その他,1300 ,15,19500 
1145,109,2016/3/1,105,川越トラベル,さいたま支社,北関東,E1001,ミネラルウォーター,その他,820 ,90,73800 
1145,110,2016/3/1,105,川越トラベル,さいたま支社,北関東,E1004,ココア,その他,1300 ,75,97500 
1146,111,2016/3/1,106,森本食品,さいたま支社,北関東,C1001,ドリップコーヒー,コーヒー,2150 ,300,645000 
1146,112,2016/3/1,106,森本食品,さいたま支社,北関東,C1002,カフェオーレ,コーヒー,1700 ,300,510000 
1147,113,2016/3/1,107,鈴木ハウジング,前橋支社,北関東,T1001,煎茶,お茶,1170 ,120,140400 
1148,114,2016/3/1,108,デザインアルテ,浦安支社,南関東,E1001,ミネラルウォーター,その他,820 ,150,123000 
1148,115,2016/3/1,108,デザインアルテ,浦安支社,南関東,E1002,コーンスープ,その他,1500 ,75,112500 
1148,116,2016/3/1,108,デザインアルテ,浦安支社,南関東,E1003,カップ麺詰め合わせ,その他,1800 ,45,81000 
1148,117,2016/3/1,108,デザインアルテ,浦安支社,南関東,C1001,ドリップコーヒー,コーヒー,2150 ,350,752500 
1148,118,2016/3/1,108,デザインアルテ,浦安支社,南関東,C1003,無糖コーヒー,コーヒー,2000 ,250,500000 
1149,119,2016/3/1,109,若槻自動車,横浜支社,南関東,E1001,ミネラルウォーター,その他,820 ,150,123000 
1149,120,2016/3/1,109,若槻自動車,横浜支社,南関東,E1003,カップ麺詰め合わせ,その他,1800 ,30,54000 
1150,121,2016/3/1,110,辻本飲料販売,横浜支社,南関東,T1001,煎茶,お茶,1170 ,150,175500 
1150,122,2016/3/1,110,辻本飲料販売,横浜支社,南関東,T1002,麦茶,お茶,900 ,120,108000 
1150,123,2016/3/1,110,辻本飲料販売,横浜支社,南関東,T1003,紅茶,お茶,1800 ,150,270000 
1151,124,2016/3/15,101,深田出版,本社,東京都内,E1001,ミネラルウォーター,その他,820 ,120,98400 
1151,125,2016/3/15,101,深田出版,本社,東京都内,E1002,コーンスープ,その他,1500 ,75,112500 
1152,126,2016/3/15,102,寺本システム,本社,東京都内,E1001,ミネラルウォーター,その他,820 ,150,123000 
1152,127,2016/3/15,102,寺本システム,本社,東京都内,E1003,カップ麺詰め合わせ,その他,1800 ,180,324000 
1152,128,2016/3/15,102,寺本システム,本社,東京都内,C1003,無糖コーヒー,コーヒー,2000 ,450,900000 
1153,129,2016/3/15,103,西山フーズ,新宿支社,東京都内,T1001,煎茶,お茶,1170 ,60,70200 
1153,130,2016/3/15,103,西山フーズ,新宿支社,東京都内,T1003,紅茶,お茶,1800 ,150,270000 
1154,131,2016/3/15,104,吉村不動産,新宿支社,東京都内,E1001,ミネラルウォーター,その他,820 ,60,49200 
1154,132,2016/3/15,104,吉村不動産,新宿支社,東京都内,E1003,カップ麺詰め合わせ,その他,1800 ,75,135000 
1155,133,2016/3/15,105,川越トラベル,さいたま支社,北関東,E1001,ミネラルウォーター,その他,820 ,90,73800 
1155,134,2016/3/15,105,川越トラベル,さいたま支社,北関東,E1004,ココア,その他,1300 ,45,58500 
1156,135,2016/3/15,106,森本食品,さいたま支社,北関東,C1001,ドリップコーヒー,コーヒー,2150 ,225,483750 
1156,136,2016/3/15,106,森本食品,さいたま支社,北関東,C1002,カフェオーレ,コーヒー,1700 ,150,255000 
1157,137,2016/3/15,107,鈴木ハウジング,前橋支社,北関東,T1001,煎茶,お茶,1170 ,105,122850 
1158,138,2016/3/15,108,デザインアルテ,浦安支社,南関東,E1001,ミネラルウォーター,その他,820 ,150,123000 
1158,139,2016/3/15,108,デザインアルテ,浦安支社,南関東,E1002,コーンスープ,その他,1500 ,150,225000 
1158,140,2016/3/15,108,デザインアルテ,浦安支社,南関東,C1001,ドリップコーヒー,コーヒー,2150 ,350,752500 
1158,141,2016/3/15,108,デザインアルテ,浦安支社,南関東,C1003,無糖コーヒー,コーヒー,2000 ,250,500000 
1159,142,2016/3/15,109,若槻自動車,横浜支社,南関東,E1001,ミネラルウォーター,その他,820 ,150,123000 
1159,143,2016/3/15,109,若槻自動車,横浜支社,南関東,E1003,カップ麺詰め合わせ,その他,1800 ,60,108000 
1160,144,2016/3/15,110,辻本飲料販売,横浜支社,南関東,T1001,煎茶,お茶,1170 ,150,175500 
1160,145,2016/3/15,110,辻本飲料販売,横浜支社,南関東,T1002,麦茶,お茶,900 ,150,135000 
1160,146,2016/3/15,110,辻本飲料販売,横浜支社,南関東,T1003,紅茶,お茶,1800 ,150,270000 
1161,147,2016/4/1,101,深田出版,本社,東京都内,E1001,ミネラルウォーター,その他,820 ,135,110700 
1161,148,2016/4/1,101,深田出版,本社,東京都内,E1002,コーンスープ,その他,1500 ,75,112500 
1162,149,2016/4/1,102,寺本システム,本社,東京都内,E1001,ミネラルウォーター,その他,820 ,150,123000 
1162,150,2016/4/1,102,寺本システム,本社,東京都内,E1002,コーンスープ,その他,1500 ,120,180000 
1162,151,2016/4/1,102,寺本システム,本社,東京都内,E1003,カップ麺詰め合わせ,その他,1800 ,150,270000 
1162,152,2016/4/1,102,寺本システム,本社,東京都内,C1003,無糖コーヒー,コーヒー,2000 ,450,900000 
1163,153,2016/4/1,103,西山フーズ,新宿支社,東京都内,T1001,煎茶,お茶,1170 ,60,70200 
1163,154,2016/4/1,103,西山フーズ,新宿支社,東京都内,T1003,紅茶,お茶,1800 ,150,270000 
1164,155,2016/4/1,104,吉村不動産,新宿支社,東京都内,E1001,ミネラルウォーター,その他,820 ,90,73800 
1164,156,2016/4/1,104,吉村不動産,新宿支社,東京都内,E1003,カップ麺詰め合わせ,その他,1800 ,75,135000 
1164,157,2016/4/1,104,吉村不動産,新宿支社,東京都内,E1004,ココア,その他,1300 ,15,19500 
1165,158,2016/4/1,105,川越トラベル,さいたま支社,北関東,E1001,ミネラルウォーター,その他,820 ,105,86100 
1165,159,2016/4/1,105,川越トラベル,さいたま支社,北関東,E1004,ココア,その他,1300 ,60,78000 
1166,160,2016/4/1,106,森本食品,さいたま支社,北関東,C1001,ドリップコーヒー,コーヒー,2150 ,300,645000 
1166,161,2016/4/1,106,森本食品,さいたま支社,北関東,C1002,カフェオーレ,コーヒー,1700 ,375,637500 
1167,162,2016/4/1,107,鈴木ハウジング,前橋支社,北関東,T1001,煎茶,お茶,1170 ,105,122850 
1168,163,2016/4/1,108,デザインアルテ,浦安支社,南関東,E1001,ミネラルウォーター,その他,820 ,150,123000 
1168,164,2016/4/1,108,デザインアルテ,浦安支社,南関東,E1002,コーンスープ,その他,1500 ,45,67500 
1168,165,2016/4/1,108,デザインアルテ,浦安支社,南関東,C1001,ドリップコーヒー,コーヒー,2150 ,300,645000 
1168,166,2016/4/1,108,デザインアルテ,浦安支社,南関東,C1003,無糖コーヒー,コーヒー,2000 ,250,500000 
1169,167,2016/4/1,109,若槻自動車,横浜支社,南関東,E1001,ミネラルウォーター,その他,820 ,150,123000 
1169,168,2016/4/1,109,若槻自動車,横浜支社,南関東,E1003,カップ麺詰め合わせ,その他,1800 ,30,54000 
1170,169,2016/4/1,110,辻本飲料販売,横浜支社,南関東,T1001,煎茶,お茶,1170 ,150,175500 
1170,170,2016/4/1,110,辻本飲料販売,横浜支社,南関東,T1002,麦茶,お茶,900 ,150,135000 
1170,171,2016/4/1,110,辻本飲料販売,横浜支社,南関東,T1003,紅茶,お茶,1800 ,150,270000 
1171,172,2016/4/15,101,深田出版,本社,東京都内,E1001,ミネラルウォーター,その他,820 ,120,98400 
1171,173,2016/4/15,101,深田出版,本社,東京都内,E1002,コーンスープ,その他,1500 ,75,112500 
1172,174,2016/4/15,102,寺本システム,本社,東京都内,E1001,ミネラルウォーター,その他,820 ,150,123000 
1172,175,2016/4/15,102,寺本システム,本社,東京都内,E1003,カップ麺詰め合わせ,その他,1800 ,120,216000 
1172,176,2016/4/15,102,寺本システム,本社,東京都内,C1003,無糖コーヒー,コーヒー,2000 ,450,900000 
1173,177,2016/4/15,103,西山フーズ,新宿支社,東京都内,T1001,煎茶,お茶,1170 ,60,70200 
1173,178,2016/4/15,103,西山フーズ,新宿支社,東京都内,T1003,紅茶,お茶,1800 ,165,297000 
1174,179,2016/4/15,104,吉村不動産,新宿支社,東京都内,E1001,ミネラルウォーター,その他,820 ,90,73800 
1174,180,2016/4/15,104,吉村不動産,新宿支社,東京都内,E1003,カップ麺詰め合わせ,その他,1800 ,75,135000 
1175,181,2016/4/15,105,川越トラベル,さいたま支社,北関東,E1001,ミネラルウォーター,その他,820 ,90,73800 
1175,182,2016/4/15,105,川越トラベル,さいたま支社,北関東,E1004,ココア,その他,1300 ,75,97500 
1176,183,2016/4/15,106,森本食品,さいたま支社,北関東,C1001,ドリップコーヒー,コーヒー,2150 ,300,645000 
1176,184,2016/4/15,106,森本食品,さいたま支社,北関東,C1002,カフェオーレ,コーヒー,1700 ,300,510000 
1177,185,2016/4/15,107,鈴木ハウジング,前橋支社,北関東,T1001,煎茶,お茶,1170 ,120,140400 
1178,186,2016/4/15,108,デザインアルテ,浦安支社,南関東,E1001,ミネラルウォーター,その他,820 ,150,123000 
1178,187,2016/4/15,108,デザインアルテ,浦安支社,南関東,E1002,コーンスープ,その他,1500 ,75,112500 
1178,188,2016/4/15,108,デザインアルテ,浦安支社,南関東,C1001,ドリップコーヒー,コーヒー,2150 ,350,752500 
1178,189,2016/4/15,108,デザインアルテ,浦安支社,南関東,C1003,無糖コーヒー,コーヒー,2000 ,250,500000 
1179,190,2016/4/15,109,若槻自動車,横浜支社,南関東,E1001,ミネラルウォーター,その他,820 ,150,123000 
1179,191,2016/4/15,109,若槻自動車,横浜支社,南関東,E1003,カップ麺詰め合わせ,その他,1800 ,30,54000 
1180,192,2016/4/15,110,辻本飲料販売,横浜支社,南関東,T1001,煎茶,お茶,1170 ,165,193050 
1180,193,2016/4/15,110,辻本飲料販売,横浜支社,南関東,T1002,麦茶,お茶,900 ,150,135000 
1180,194,2016/4/15,110,辻本飲料販売,横浜支社,南関東,T1003,紅茶,お茶,1800 ,150,270000 
1181,195,2016/5/1,101,深田出版,本社,東京都内,E1001,ミネラルウォーター,その他,820 ,120,98400 
1181,196,2016/5/1,101,深田出版,本社,東京都内,E1002,コーンスープ,その他,1500 ,90,135000 
1182,197,2016/5/1,102,寺本システム,本社,東京都内,E1001,ミネラルウォーター,その他,820 ,150,123000 
1182,198,2016/5/1,102,寺本システム,本社,東京都内,E1003,カップ麺詰め合わせ,その他,1800 ,150,270000 
1182,199,2016/5/1,102,寺本システム,本社,東京都内,C1003,無糖コーヒー,コーヒー,2000 ,450,900000 
1183,200,2016/5/1,103,西山フーズ,新宿支社,東京都内,T1001,煎茶,お茶,1170 ,75,87750 
1183,201,2016/5/1,103,西山フーズ,新宿支社,東京都内,T1003,紅茶,お茶,1800 ,150,270000 
1184,202,2016/5/1,104,吉村不動産,新宿支社,東京都内,E1001,ミネラルウォーター,その他,820 ,90,73800 
1184,203,2016/5/1,104,吉村不動産,新宿支社,東京都内,E1003,カップ麺詰め合わせ,その他,1800 ,75,135000 
1184,204,2016/5/1,104,吉村不動産,新宿支社,東京都内,E1004,ココア,その他,1300 ,15,19500 
1185,205,2016/5/1,105,川越トラベル,さいたま支社,北関東,E1001,ミネラルウォーター,その他,820 ,90,73800 
1185,206,2016/5/1,105,川越トラベル,さいたま支社,北関東,E1004,ココア,その他,1300 ,45,58500 
1186,207,2016/5/1,106,森本食品,さいたま支社,北関東,C1001,ドリップコーヒー,コーヒー,2150 ,300,645000 
1186,208,2016/5/1,106,森本食品,さいたま支社,北関東,C1002,カフェオーレ,コーヒー,1700 ,300,510000 
1187,209,2016/5/1,107,鈴木ハウジング,前橋支社,北関東,T1001,煎茶,お茶,1170 ,105,122850 
1188,210,2016/5/1,108,デザインアルテ,浦安支社,南関東,E1001,ミネラルウォーター,その他,820 ,165,135300 
1188,211,2016/5/1,108,デザインアルテ,浦安支社,南関東,E1002,コーンスープ,その他,1500 ,75,112500 
1188,212,2016/5/1,108,デザインアルテ,浦安支社,南関東,C1001,ドリップコーヒー,コーヒー,2150 ,300,645000 
1188,213,2016/5/1,108,デザインアルテ,浦安支社,南関東,C1003,無糖コーヒー,コーヒー,2000 ,350,700000 
1189,214,2016/5/1,109,若槻自動車,横浜支社,南関東,E1001,ミネラルウォーター,その他,820 ,150,123000 
1189,215,2016/5/1,109,若槻自動車,横浜支社,南関東,E1003,カップ麺詰め合わせ,その他,1800 ,60,108000 
1190,216,2016/5/1,110,辻本飲料販売,横浜支社,南関東,T1001,煎茶,お茶,1170 ,150,175500 
1190,217,2016/5/1,110,辻本飲料販売,横浜支社,南関東,T1002,麦茶,お茶,900 ,150,135000 
1190,218,2016/5/1,110,辻本飲料販売,横浜支社,南関東,T1003,紅茶,お茶,1800 ,150,270000 
1191,219,2016/5/15,101,深田出版,本社,東京都内,E1001,ミネラルウォーター,その他,820 ,150,123000 
1191,220,2016/5/15,101,深田出版,本社,東京都内,E1002,コーンスープ,その他,1500 ,75,112500 
1192,221,2016/5/15,102,寺本システム,本社,東京都内,E1001,ミネラルウォーター,その他,820 ,150,123000 
1192,222,2016/5/15,102,寺本システム,本社,東京都内,E1003,カップ麺詰め合わせ,その他,1800 ,150,270000 
1192,223,2016/5/15,102,寺本システム,本社,東京都内,C1003,無糖コーヒー,コーヒー,2000 ,525,1050000 
1193,224,2016/5/15,103,西山フーズ,新宿支社,東京都内,T1001,煎茶,お茶,1170 ,60,70200 
1193,225,2016/5/15,103,西山フーズ,新宿支社,東京都内,T1003,紅茶,お茶,1800 ,150,270000 
1194,226,2016/5/15,104,吉村不動産,新宿支社,東京都内,E1001,ミネラルウォーター,その他,820 ,90,73800 
1194,227,2016/5/15,104,吉村不動産,新宿支社,東京都内,E1003,カップ麺詰め合わせ,その他,1800 ,90,162000 
1195,228,2016/5/15,105,川越トラベル,さいたま支社,北関東,E1001,ミネラルウォーター,その他,820 ,90,73800 
1195,229,2016/5/15,105,川越トラベル,さいたま支社,北関東,E1004,ココア,その他,1300 ,60,78000 
1196,230,2016/5/15,106,森本食品,さいたま支社,北関東,C1001,ドリップコーヒー,コーヒー,2150 ,375,806250 
1196,231,2016/5/15,106,森本食品,さいたま支社,北関東,C1002,カフェオーレ,コーヒー,1700 ,300,510000 
1197,232,2016/5/15,107,鈴木ハウジング,前橋支社,北関東,T1001,煎茶,お茶,1170 ,105,122850 
1198,233,2016/5/15,108,デザインアルテ,浦安支社,南関東,E1001,ミネラルウォーター,その他,820 ,150,123000 
1198,234,2016/5/15,108,デザインアルテ,浦安支社,南関東,E1002,コーンスープ,その他,1500 ,75,112500 
1198,235,2016/5/15,108,デザインアルテ,浦安支社,南関東,C1001,ドリップコーヒー,コーヒー,2150 ,300,645000 
1198,236,2016/5/15,108,デザインアルテ,浦安支社,南関東,C1003,無糖コーヒー,コーヒー,2000 ,350,700000 
1199,237,2016/5/15,109,若槻自動車,横浜支社,南関東,E1001,ミネラルウォーター,その他,820 ,150,123000 
1199,238,2016/5/15,109,若槻自動車,横浜支社,南関東,E1003,カップ麺詰め合わせ,その他,1800 ,180,324000 
1199,239,2016/5/15,109,若槻自動車,横浜支社,南関東,C1002,カフェオーレ,コーヒー,1700 ,300,510000 
1200,240,2016/5/15,110,辻本飲料販売,横浜支社,南関東,T1001,煎茶,お茶,1170 ,150,175500 
1200,241,2016/5/15,110,辻本飲料販売,横浜支社,南関東,T1002,麦茶,お茶,900 ,150,135000 
1200,242,2016/5/15,110,辻本飲料販売,横浜支社,南関東,T1003,紅茶,お茶,1800 ,120,216000 
1201,243,2016/6/1,101,深田出版,本社,東京都内,E1001,ミネラルウォーター,その他,820 ,120,98400 
1201,244,2016/6/1,101,深田出版,本社,東京都内,E1002,コーンスープ,その他,1500 ,75,112500 
1202,245,2016/6/1,102,寺本システム,本社,東京都内,E1001,ミネラルウォーター,その他,820 ,180,147600 
1202,246,2016/6/1,102,寺本システム,本社,東京都内,E1003,カップ麺詰め合わせ,その他,1800 ,150,270000 
1202,247,2016/6/1,102,寺本システム,本社,東京都内,C1003,無糖コーヒー,コーヒー,2000 ,975,1950000 
1203,248,2016/6/1,103,西山フーズ,新宿支社,東京都内,T1001,煎茶,お茶,1170 ,60,70200 
1203,249,2016/6/1,103,西山フーズ,新宿支社,東京都内,T1003,紅茶,お茶,1800 ,225,405000 
1204,250,2016/6/1,104,吉村不動産,新宿支社,東京都内,E1001,ミネラルウォーター,その他,820 ,90,73800 
1204,251,2016/6/1,104,吉村不動産,新宿支社,東京都内,E1003,カップ麺詰め合わせ,その他,1800 ,75,135000 
1204,252,2016/6/1,104,吉村不動産,新宿支社,東京都内,E1004,ココア,その他,1300 ,15,19500 
1205,253,2016/6/1,105,川越トラベル,さいたま支社,北関東,E1001,ミネラルウォーター,その他,820 ,150,123000 
1205,254,2016/6/1,105,川越トラベル,さいたま支社,北関東,E1004,ココア,その他,1300 ,60,78000 
1206,255,2016/6/1,106,森本食品,さいたま支社,北関東,C1001,ドリップコーヒー,コーヒー,2150 ,300,645000 
1206,256,2016/6/1,106,森本食品,さいたま支社,北関東,C1002,カフェオーレ,コーヒー,1700 ,600,1020000 
1207,257,2016/6/1,107,鈴木ハウジング,前橋支社,北関東,T1001,煎茶,お茶,1170 ,105,122850 
1207,258,2016/6/1,107,鈴木ハウジング,前橋支社,北関東,C1001,ドリップコーヒー,コーヒー,2150 ,75,161250 
1207,259,2016/6/1,107,鈴木ハウジング,前橋支社,北関東,C1003,無糖コーヒー,コーヒー,2000 ,75,150000 
1208,260,2016/6/1,108,デザインアルテ,浦安支社,南関東,E1001,ミネラルウォーター,その他,820 ,150,123000 
1208,261,2016/6/1,108,デザインアルテ,浦安支社,南関東,E1002,コーンスープ,その他,1500 ,90,135000 
1208,262,2016/6/1,108,デザインアルテ,浦安支社,南関東,C1001,ドリップコーヒー,コーヒー,2150 ,300,645000 
1208,263,2016/6/1,108,デザインアルテ,浦安支社,南関東,C1003,無糖コーヒー,コーヒー,2000 ,350,700000 
1209,264,2016/6/1,109,若槻自動車,横浜支社,南関東,E1001,ミネラルウォーター,その他,820 ,150,123000 
1209,265,2016/6/1,109,若槻自動車,横浜支社,南関東,E1003,カップ麺詰め合わせ,その他,1800 ,30,54000 
1209,266,2016/6/1,109,若槻自動車,横浜支社,南関東,C1002,カフェオーレ,コーヒー,1700 ,275,467500 
1210,267,2016/6/1,110,辻本飲料販売,横浜支社,南関東,T1001,煎茶,お茶,1170 ,150,175500 
1210,268,2016/6/1,110,辻本飲料販売,横浜支社,南関東,T1002,麦茶,お茶,900 ,120,108000 
1210,269,2016/6/1,110,辻本飲料販売,横浜支社,南関東,T1003,紅茶,お茶,1800 ,150,270000 
1211,270,2016/6/15,101,深田出版,本社,東京都内,E1001,ミネラルウォーター,その他,820 ,120,98400 
1211,271,2016/6/15,101,深田出版,本社,東京都内,E1002,コーンスープ,その他,1500 ,105,157500 
1212,272,2016/6/15,102,寺本システム,本社,東京都内,E1001,ミネラルウォーター,その他,820 ,150,123000 
1212,273,2016/6/15,102,寺本システム,本社,東京都内,E1003,カップ麺詰め合わせ,その他,1800 ,150,270000 
1212,274,2016/6/15,102,寺本システム,本社,東京都内,C1003,無糖コーヒー,コーヒー,2000 ,450,900000 
1213,275,2016/6/15,103,西山フーズ,新宿支社,東京都内,T1001,煎茶,お茶,1170 ,75,87750 
1213,276,2016/6/15,103,西山フーズ,新宿支社,東京都内,T1003,紅茶,お茶,1800 ,150,270000 
1214,277,2016/6/15,104,吉村不動産,新宿支社,東京都内,E1001,ミネラルウォーター,その他,820 ,90,73800 
1214,278,2016/6/15,104,吉村不動産,新宿支社,東京都内,E1003,カップ麺詰め合わせ,その他,1800 ,90,162000 
1215,279,2016/6/15,105,川越トラベル,さいたま支社,北関東,E1001,ミネラルウォーター,その他,820 ,90,73800 
1215,280,2016/6/15,105,川越トラベル,さいたま支社,北関東,E1004,ココア,その他,1300 ,60,78000 
1216,281,2016/6/15,106,森本食品,さいたま支社,北関東,C1001,ドリップコーヒー,コーヒー,2150 ,300,645000 
1216,282,2016/6/15,106,森本食品,さいたま支社,北関東,C1002,カフェオーレ,コーヒー,1700 ,300,510000 
1217,283,2016/6/15,107,鈴木ハウジング,前橋支社,北関東,T1001,煎茶,お茶,1170 ,120,140400 
1218,284,2016/6/15,108,デザインアルテ,浦安支社,南関東,E1001,ミネラルウォーター,その他,820 ,150,123000 
1218,285,2016/6/15,108,デザインアルテ,浦安支社,南関東,E1002,コーンスープ,その他,1500 ,75,112500 
1218,286,2016/6/15,108,デザインアルテ,浦安支社,南関東,C1001,ドリップコーヒー,コーヒー,2150 ,300,645000 
1218,287,2016/6/15,108,デザインアルテ,浦安支社,南関東,C1003,無糖コーヒー,コーヒー,2000 ,350,700000 
1219,288,2016/6/15,109,若槻自動車,横浜支社,南関東,E1001,ミネラルウォーター,その他,820 ,150,123000 
1219,289,2016/6/15,109,若槻自動車,横浜支社,南関東,E1003,カップ麺詰め合わせ,その他,1800 ,60,108000 
1219,290,2016/6/15,109,若槻自動車,横浜支社,南関東,C1002,カフェオーレ,コーヒー,1700 ,375,637500 
1220,291,2016/6/15,110,辻本飲料販売,横浜支社,南関東,T1001,煎茶,お茶,1170 ,150,175500 
1220,292,2016/6/15,110,辻本飲料販売,横浜支社,南関東,T1002,麦茶,お茶,900 ,150,135000 
1220,293,2016/6/15,110,辻本飲料販売,横浜支社,南関東,T1003,紅茶,お茶,1800 ,150,270000 
1221,294,2016/7/1,101,深田出版,本社,東京都内,E1001,ミネラルウォーター,その他,820 ,150,123000 
1221,295,2016/7/1,101,深田出版,本社,東京都内,E1002,コーンスープ,その他,1500 ,75,112500 
1222,296,2016/7/1,102,寺本システム,本社,東京都内,E1001,ミネラルウォーター,その他,820 ,150,123000 
1222,297,2016/7/1,102,寺本システム,本社,東京都内,E1003,カップ麺詰め合わせ,その他,1800 ,150,270000 
1222,298,2016/7/1,102,寺本システム,本社,東京都内,C1003,無糖コーヒー,コーヒー,2000 ,600,1200000 
1223,299,2016/7/1,103,西山フーズ,新宿支社,東京都内,T1001,煎茶,お茶,1170 ,60,70200 
1223,300,2016/7/1,103,西山フーズ,新宿支社,東京都内,T1003,紅茶,お茶,1800 ,150,270000 
1224,301,2016/7/1,104,吉村不動産,新宿支社,東京都内,E1001,ミネラルウォーター,その他,820 ,120,98400 
1224,302,2016/7/1,104,吉村不動産,新宿支社,東京都内,E1003,カップ麺詰め合わせ,その他,1800 ,75,135000 
1224,303,2016/7/1,104,吉村不動産,新宿支社,東京都内,E1004,ココア,その他,1300 ,15,19500 
1225,304,2016/7/1,105,川越トラベル,さいたま支社,北関東,E1001,ミネラルウォーター,その他,820 ,120,98400 
1225,305,2016/7/1,105,川越トラベル,さいたま支社,北関東,E1004,ココア,その他,1300 ,60,78000 
1226,306,2016/7/1,106,森本食品,さいたま支社,北関東,C1001,ドリップコーヒー,コーヒー,2150 ,375,806250 
1226,307,2016/7/1,106,森本食品,さいたま支社,北関東,C1002,カフェオーレ,コーヒー,1700 ,300,510000 
1227,308,2016/7/1,107,鈴木ハウジング,前橋支社,北関東,T1001,煎茶,お茶,1170 ,105,122850 
1228,309,2016/7/1,108,デザインアルテ,浦安支社,南関東,E1001,ミネラルウォーター,その他,820 ,150,123000 
1228,310,2016/7/1,108,デザインアルテ,浦安支社,南関東,E1002,コーンスープ,その他,1500 ,75,112500 
1228,311,2016/7/1,108,デザインアルテ,浦安支社,南関東,C1001,ドリップコーヒー,コーヒー,2150 ,300,645000 
1228,312,2016/7/1,108,デザインアルテ,浦安支社,南関東,C1003,無糖コーヒー,コーヒー,2000 ,350,700000 
1229,313,2016/7/1,109,若槻自動車,横浜支社,南関東,E1001,ミネラルウォーター,その他,820 ,225,184500 
1229,314,2016/7/1,109,若槻自動車,横浜支社,南関東,E1003,カップ麺詰め合わせ,その他,1800 ,30,54000 
1229,315,2016/7/1,109,若槻自動車,横浜支社,南関東,C1002,カフェオーレ,コーヒー,1700 ,225,382500 
1230,316,2016/7/1,110,辻本飲料販売,横浜支社,南関東,T1001,煎茶,お茶,1170 ,150,175500 
1230,317,2016/7/1,110,辻本飲料販売,横浜支社,南関東,T1002,麦茶,お茶,900 ,150,135000 
1230,318,2016/7/1,110,辻本飲料販売,横浜支社,南関東,T1003,紅茶,お茶,1800 ,210,378000 
1231,319,2016/7/15,101,深田出版,本社,東京都内,E1001,ミネラルウォーター,その他,820 ,150,123000 
1231,320,2016/7/15,101,深田出版,本社,東京都内,E1002,コーンスープ,その他,1500 ,75,112500 
1232,321,2016/7/15,102,寺本システム,本社,東京都内,E1001,ミネラルウォーター,その他,820 ,150,123000 
1232,322,2016/7/15,102,寺本システム,本社,東京都内,E1003,カップ麺詰め合わせ,その他,1800 ,150,270000 
1232,323,2016/7/15,102,寺本システム,本社,東京都内,C1003,無糖コーヒー,コーヒー,2000 ,600,1200000 
1233,324,2016/7/15,103,西山フーズ,新宿支社,東京都内,T1001,煎茶,お茶,1170 ,60,70200 
1233,325,2016/7/15,103,西山フーズ,新宿支社,東京都内,T1003,紅茶,お茶,1800 ,150,270000 
1234,326,2016/7/15,104,吉村不動産,新宿支社,東京都内,E1001,ミネラルウォーター,その他,820 ,120,98400 
1234,327,2016/7/15,104,吉村不動産,新宿支社,東京都内,E1003,カップ麺詰め合わせ,その他,1800 ,75,135000 
1235,328,2016/7/15,105,川越トラベル,さいたま支社,北関東,E1001,ミネラルウォーター,その他,820 ,120,98400 
1235,329,2016/7/15,105,川越トラベル,さいたま支社,北関東,E1004,ココア,その他,1300 ,60,78000 
1236,330,2016/7/15,106,森本食品,さいたま支社,北関東,C1001,ドリップコーヒー,コーヒー,2150 ,375,806250 
1236,331,2016/7/15,106,森本食品,さいたま支社,北関東,C1002,カフェオーレ,コーヒー,1700 ,300,510000 
1237,332,2016/7/15,107,鈴木ハウジング,前橋支社,北関東,T1001,煎茶,お茶,1170 ,105,122850 
1238,333,2016/7/15,108,デザインアルテ,浦安支社,南関東,E1001,ミネラルウォーター,その他,820 ,150,123000 
1238,334,2016/7/15,108,デザインアルテ,浦安支社,南関東,E1002,コーンスープ,その他,1500 ,75,112500 
1238,335,2016/7/15,108,デザインアルテ,浦安支社,南関東,C1001,ドリップコーヒー,コーヒー,2150 ,300,645000 
1238,336,2016/7/15,108,デザインアルテ,浦安支社,南関東,C1003,無糖コーヒー,コーヒー,2000 ,350,700000 
1239,337,2016/7/15,109,若槻自動車,横浜支社,南関東,E1001,ミネラルウォーター,その他,820 ,225,184500 
1239,338,2016/7/15,109,若槻自動車,横浜支社,南関東,E1003,カップ麺詰め合わせ,その他,1800 ,30,54000 
1239,339,2016/7/15,109,若槻自動車,横浜支社,南関東,C1002,カフェオーレ,コーヒー,1700 ,330,561000 
1240,340,2016/7/15,110,辻本飲料販売,横浜支社,南関東,T1001,煎茶,お茶,1170 ,150,175500 
1240,341,2016/7/15,110,辻本飲料販売,横浜支社,南関東,T1002,麦茶,お茶,900 ,150,135000 
1240,342,2016/7/15,110,辻本飲料販売,横浜支社,南関東,T1003,紅茶,お茶,1800 ,210,378000 
1241,343,2016/8/1,101,深田出版,本社,東京都内,E1001,ミネラルウォーター,その他,820 ,120,98400 
1241,344,2016/8/1,101,深田出版,本社,東京都内,E1002,コーンスープ,その他,1500 ,75,112500 
1242,345,2016/8/1,102,寺本システム,本社,東京都内,E1001,ミネラルウォーター,その他,820 ,150,123000 
1242,346,2016/8/1,102,寺本システム,本社,東京都内,E1003,カップ麺詰め合わせ,その他,1800 ,180,324000 
1242,347,2016/8/1,102,寺本システム,本社,東京都内,C1003,無糖コーヒー,コーヒー,2000 ,450,900000 
1243,348,2016/8/1,103,西山フーズ,新宿支社,東京都内,T1001,煎茶,お茶,1170 ,60,70200 
1243,349,2016/8/1,103,西山フーズ,新宿支社,東京都内,T1003,紅茶,お茶,1800 ,150,270000 
1244,350,2016/8/1,104,吉村不動産,新宿支社,東京都内,E1001,ミネラルウォーター,その他,820 ,90,73800 
1244,351,2016/8/1,104,吉村不動産,新宿支社,東京都内,E1003,カップ麺詰め合わせ,その他,1800 ,75,135000 
1244,352,2016/8/1,104,吉村不動産,新宿支社,東京都内,E1004,ココア,その他,1300 ,15,19500 
1245,353,2016/8/1,105,川越トラベル,さいたま支社,北関東,E1001,ミネラルウォーター,その他,820 ,90,73800 
1245,354,2016/8/1,105,川越トラベル,さいたま支社,北関東,E1004,ココア,その他,1300 ,60,78000 
1246,355,2016/8/1,106,森本食品,さいたま支社,北関東,C1001,ドリップコーヒー,コーヒー,2150 ,300,645000 
1246,356,2016/8/1,106,森本食品,さいたま支社,北関東,C1002,カフェオーレ,コーヒー,1700 ,300,510000 
1247,357,2016/8/1,107,鈴木ハウジング,前橋支社,北関東,T1001,煎茶,お茶,1170 ,105,122850 
1248,358,2016/8/1,108,デザインアルテ,浦安支社,南関東,E1001,ミネラルウォーター,その他,820 ,150,123000 
1248,359,2016/8/1,108,デザインアルテ,浦安支社,南関東,E1002,コーンスープ,その他,1500 ,75,112500 
1249,360,2016/8/1,109,若槻自動車,横浜支社,南関東,E1001,ミネラルウォーター,その他,820 ,150,123000 
1249,361,2016/8/1,109,若槻自動車,横浜支社,南関東,E1003,カップ麺詰め合わせ,その他,1800 ,30,54000 
1249,362,2016/8/1,109,若槻自動車,横浜支社,南関東,C1002,カフェオーレ,コーヒー,1700 ,310,527000 
1250,363,2016/8/1,110,辻本飲料販売,横浜支社,南関東,T1001,煎茶,お茶,1170 ,150,175500 
1250,364,2016/8/1,110,辻本飲料販売,横浜支社,南関東,T1002,麦茶,お茶,900 ,150,135000 
1250,365,2016/8/1,110,辻本飲料販売,横浜支社,南関東,T1003,紅茶,お茶,1800 ,180,324000 
1251,366,2016/8/15,101,深田出版,本社,東京都内,E1001,ミネラルウォーター,その他,820 ,150,123000 
1251,367,2016/8/15,101,深田出版,本社,東京都内,E1002,コーンスープ,その他,1500 ,75,112500 
1252,368,2016/8/15,102,寺本システム,本社,東京都内,E1001,ミネラルウォーター,その他,820 ,150,123000 
1252,369,2016/8/15,102,寺本システム,本社,東京都内,E1003,カップ麺詰め合わせ,その他,1800 ,150,270000 
1252,370,2016/8/15,102,寺本システム,本社,東京都内,C1003,無糖コーヒー,コーヒー,2000 ,600,1200000 
1253,371,2016/8/15,103,西山フーズ,新宿支社,東京都内,T1001,煎茶,お茶,1170 ,60,70200 
1253,372,2016/8/15,103,西山フーズ,新宿支社,東京都内,T1003,紅茶,お茶,1800 ,150,270000 
1254,373,2016/8/15,104,吉村不動産,新宿支社,東京都内,E1001,ミネラルウォーター,その他,820 ,120,98400 
1254,374,2016/8/15,104,吉村不動産,新宿支社,東京都内,E1003,カップ麺詰め合わせ,その他,1800 ,75,135000 
1255,375,2016/8/15,105,川越トラベル,さいたま支社,北関東,E1001,ミネラルウォーター,その他,820 ,120,98400 
1255,376,2016/8/15,105,川越トラベル,さいたま支社,北関東,E1004,ココア,その他,1300 ,60,78000 
1256,377,2016/8/15,106,森本食品,さいたま支社,北関東,C1001,ドリップコーヒー,コーヒー,2150 ,375,806250 
1256,378,2016/8/15,106,森本食品,さいたま支社,北関東,C1002,カフェオーレ,コーヒー,1700 ,300,510000 
1257,379,2016/8/15,107,鈴木ハウジング,前橋支社,北関東,T1001,煎茶,お茶,1170 ,105,122850 
1258,380,2016/8/15,108,デザインアルテ,浦安支社,南関東,E1001,ミネラルウォーター,その他,820 ,180,147600 
1258,381,2016/8/15,108,デザインアルテ,浦安支社,南関東,E1002,コーンスープ,その他,1500 ,75,112500 
1259,382,2016/8/15,109,若槻自動車,横浜支社,南関東,E1001,ミネラルウォーター,その他,820 ,255,209100 
1259,383,2016/8/15,109,若槻自動車,横浜支社,南関東,E1003,カップ麺詰め合わせ,その他,1800 ,30,54000 
1259,384,2016/8/15,109,若槻自動車,横浜支社,南関東,C1002,カフェオーレ,コーヒー,1700 ,275,467500 
1260,385,2016/8/15,110,辻本飲料販売,横浜支社,南関東,T1001,煎茶,お茶,1170 ,150,175500 
1260,386,2016/8/15,110,辻本飲料販売,横浜支社,南関東,T1002,麦茶,お茶,900 ,150,135000 
1260,387,2016/8/15,110,辻本飲料販売,横浜支社,南関東,T1003,紅茶,お茶,1800 ,210,378000 
1261,388,2016/9/1,101,深田出版,本社,東京都内,E1001,ミネラルウォーター,その他,820 ,150,123000 
1261,389,2016/9/1,101,深田出版,本社,東京都内,E1002,コーンスープ,その他,1500 ,105,157500 
1262,390,2016/9/1,102,寺本システム,本社,東京都内,E1001,ミネラルウォーター,その他,820 ,150,123000 
1262,391,2016/9/1,102,寺本システム,本社,東京都内,E1003,カップ麺詰め合わせ,その他,1800 ,150,270000 
1262,392,2016/9/1,102,寺本システム,本社,東京都内,C1003,無糖コーヒー,コーヒー,2000 ,600,1200000 
1263,393,2016/9/1,103,西山フーズ,新宿支社,東京都内,T1001,煎茶,お茶,1170 ,60,70200 
1263,394,2016/9/1,103,西山フーズ,新宿支社,東京都内,T1003,紅茶,お茶,1800 ,150,270000 
1264,395,2016/9/1,104,吉村不動産,新宿支社,東京都内,E1001,ミネラルウォーター,その他,820 ,120,98400 
1264,396,2016/9/1,104,吉村不動産,新宿支社,東京都内,E1003,カップ麺詰め合わせ,その他,1800 ,75,135000 
1264,397,2016/9/1,104,吉村不動産,新宿支社,東京都内,E1004,ココア,その他,1300 ,15,19500 
1265,398,2016/9/1,105,川越トラベル,さいたま支社,北関東,E1001,ミネラルウォーター,その他,820 ,150,123000 
1265,399,2016/9/1,105,川越トラベル,さいたま支社,北関東,E1004,ココア,その他,1300 ,60,78000 
1266,400,2016/9/1,106,森本食品,さいたま支社,北関東,C1001,ドリップコーヒー,コーヒー,2150 ,375,806250 
1266,401,2016/9/1,106,森本食品,さいたま支社,北関東,C1002,カフェオーレ,コーヒー,1700 ,300,510000 
1267,402,2016/9/1,107,鈴木ハウジング,前橋支社,北関東,T1001,煎茶,お茶,1170 ,105,122850 
1268,403,2016/9/1,108,デザインアルテ,浦安支社,南関東,E1001,ミネラルウォーター,その他,820 ,150,123000 
1268,404,2016/9/1,108,デザインアルテ,浦安支社,南関東,E1002,コーンスープ,その他,1500 ,75,112500 
1269,405,2016/9/1,109,若槻自動車,横浜支社,南関東,E1001,ミネラルウォーター,その他,820 ,225,184500 
1269,406,2016/9/1,109,若槻自動車,横浜支社,南関東,E1003,カップ麺詰め合わせ,その他,1800 ,30,54000 
1270,407,2016/9/1,110,辻本飲料販売,横浜支社,南関東,T1001,煎茶,お茶,1170 ,180,210600 
1270,408,2016/9/1,110,辻本飲料販売,横浜支社,南関東,T1002,麦茶,お茶,900 ,150,135000 
1270,409,2016/9/1,110,辻本飲料販売,横浜支社,南関東,T1003,紅茶,お茶,1800 ,210,378000 
1271,410,2016/9/15,101,深田出版,本社,東京都内,E1001,ミネラルウォーター,その他,820 ,120,98400 
1271,411,2016/9/15,101,深田出版,本社,東京都内,E1002,コーンスープ,その他,1500 ,75,112500 
1272,412,2016/9/15,102,寺本システム,本社,東京都内,E1001,ミネラルウォーター,その他,820 ,150,123000 
1272,413,2016/9/15,102,寺本システム,本社,東京都内,E1003,カップ麺詰め合わせ,その他,1800 ,180,324000 
1272,414,2016/9/15,102,寺本システム,本社,東京都内,C1003,無糖コーヒー,コーヒー,2000 ,450,900000 
1273,415,2016/9/15,103,西山フーズ,新宿支社,東京都内,T1001,煎茶,お茶,1170 ,60,70200 
1273,416,2016/9/15,103,西山フーズ,新宿支社,東京都内,T1003,紅茶,お茶,1800 ,150,270000 
1274,417,2016/9/15,104,吉村不動産,新宿支社,東京都内,E1001,ミネラルウォーター,その他,820 ,90,73800 
1274,418,2016/9/15,104,吉村不動産,新宿支社,東京都内,E1003,カップ麺詰め合わせ,その他,1800 ,75,135000 
1275,419,2016/9/15,105,川越トラベル,さいたま支社,北関東,E1001,ミネラルウォーター,その他,820 ,120,98400 
1275,420,2016/9/15,105,川越トラベル,さいたま支社,北関東,E1004,ココア,その他,1300 ,60,78000 
1276,421,2016/9/15,106,森本食品,さいたま支社,北関東,C1001,ドリップコーヒー,コーヒー,2150 ,300,645000 
1276,422,2016/9/15,106,森本食品,さいたま支社,北関東,C1002,カフェオーレ,コーヒー,1700 ,300,510000 
1277,423,2016/9/15,107,鈴木ハウジング,前橋支社,北関東,T1001,煎茶,お茶,1170 ,105,122850 
1278,424,2016/9/15,108,デザインアルテ,浦安支社,南関東,E1001,ミネラルウォーター,その他,820 ,150,123000 
1278,425,2016/9/15,108,デザインアルテ,浦安支社,南関東,E1002,コーンスープ,その他,1500 ,150,225000 
1279,426,2016/9/15,109,若槻自動車,横浜支社,南関東,E1001,ミネラルウォーター,その他,820 ,150,123000 
1279,427,2016/9/15,109,若槻自動車,横浜支社,南関東,E1003,カップ麺詰め合わせ,その他,1800 ,30,54000 
1280,428,2016/9/15,110,辻本飲料販売,横浜支社,南関東,T1001,煎茶,お茶,1170 ,150,175500 
1280,429,2016/9/15,110,辻本飲料販売,横浜支社,南関東,T1002,麦茶,お茶,900 ,150,135000 
1280,430,2016/9/15,110,辻本飲料販売,横浜支社,南関東,T1003,紅茶,お茶,1800 ,150,270000 
1281,431,2016/10/1,101,深田出版,本社,東京都内,E1001,ミネラルウォーター,その他,820 ,150,123000 
1281,432,2016/10/1,101,深田出版,本社,東京都内,E1002,コーンスープ,その他,1500 ,150,225000 
1282,433,2016/10/1,102,寺本システム,本社,東京都内,E1001,ミネラルウォーター,その他,820 ,150,123000 
1282,434,2016/10/1,102,寺本システム,本社,東京都内,E1003,カップ麺詰め合わせ,その他,1800 ,150,270000 
1282,435,2016/10/1,102,寺本システム,本社,東京都内,C1003,無糖コーヒー,コーヒー,2000 ,600,1200000 
1283,436,2016/10/1,103,西山フーズ,新宿支社,東京都内,T1001,煎茶,お茶,1170 ,60,70200 
1283,437,2016/10/1,103,西山フーズ,新宿支社,東京都内,T1003,紅茶,お茶,1800 ,150,270000 
1284,438,2016/10/1,104,吉村不動産,新宿支社,東京都内,E1001,ミネラルウォーター,その他,820 ,120,98400 
1284,439,2016/10/1,104,吉村不動産,新宿支社,東京都内,E1003,カップ麺詰め合わせ,その他,1800 ,105,189000 
1284,440,2016/10/1,104,吉村不動産,新宿支社,東京都内,E1004,ココア,その他,1300 ,15,19500 
1285,441,2016/10/1,105,川越トラベル,さいたま支社,北関東,E1001,ミネラルウォーター,その他,820 ,120,98400 
1285,442,2016/10/1,105,川越トラベル,さいたま支社,北関東,E1004,ココア,その他,1300 ,60,78000 
1286,443,2016/10/1,106,森本食品,さいたま支社,北関東,C1001,ドリップコーヒー,コーヒー,2150 ,375,806250 
1286,444,2016/10/1,106,森本食品,さいたま支社,北関東,C1002,カフェオーレ,コーヒー,1700 ,300,510000 
1287,445,2016/10/1,107,鈴木ハウジング,前橋支社,北関東,T1001,煎茶,お茶,1170 ,105,122850 
1288,446,2016/10/1,108,デザインアルテ,浦安支社,南関東,E1001,ミネラルウォーター,その他,820 ,150,123000 
1288,447,2016/10/1,108,デザインアルテ,浦安支社,南関東,E1002,コーンスープ,その他,1500 ,105,157500 
1289,448,2016/10/1,109,若槻自動車,横浜支社,南関東,E1001,ミネラルウォーター,その他,820 ,225,184500 
1289,449,2016/10/1,109,若槻自動車,横浜支社,南関東,E1003,カップ麺詰め合わせ,その他,1800 ,30,54000 
1290,450,2016/10/1,110,辻本飲料販売,横浜支社,南関東,T1001,煎茶,お茶,1170 ,150,175500 
1290,451,2016/10/1,110,辻本飲料販売,横浜支社,南関東,T1002,麦茶,お茶,900 ,150,135000 
1290,452,2016/10/1,110,辻本飲料販売,横浜支社,南関東,T1003,紅茶,お茶,1800 ,225,405000 
1291,453,2016/10/15,101,深田出版,本社,東京都内,E1001,ミネラルウォーター,その他,820 ,150,123000 
1291,454,2016/10/15,101,深田出版,本社,東京都内,E1002,コーンスープ,その他,1500 ,75,112500 
1292,455,2016/10/15,102,寺本システム,本社,東京都内,E1001,ミネラルウォーター,その他,820 ,180,147600 
1292,456,2016/10/15,102,寺本システム,本社,東京都内,E1003,カップ麺詰め合わせ,その他,1800 ,150,270000 
1292,457,2016/10/15,102,寺本システム,本社,東京都内,C1003,無糖コーヒー,コーヒー,2000 ,600,1200000 
1293,458,2016/10/15,103,西山フーズ,新宿支社,東京都内,T1001,煎茶,お茶,1170 ,60,70200 
1293,459,2016/10/15,103,西山フーズ,新宿支社,東京都内,T1003,紅茶,お茶,1800 ,150,270000 
1294,460,2016/10/15,104,吉村不動産,新宿支社,東京都内,E1001,ミネラルウォーター,その他,820 ,120,98400 
1294,461,2016/10/15,104,吉村不動産,新宿支社,東京都内,E1003,カップ麺詰め合わせ,その他,1800 ,75,135000 
1295,462,2016/10/15,105,川越トラベル,さいたま支社,北関東,E1001,ミネラルウォーター,その他,820 ,120,98400 
1295,463,2016/10/15,105,川越トラベル,さいたま支社,北関東,E1004,ココア,その他,1300 ,75,97500 
1296,464,2016/10/15,106,森本食品,さいたま支社,北関東,C1001,ドリップコーヒー,コーヒー,2150 ,375,806250 
1296,465,2016/10/15,106,森本食品,さいたま支社,北関東,C1002,カフェオーレ,コーヒー,1700 ,300,510000 
1297,466,2016/10/15,107,鈴木ハウジング,前橋支社,北関東,T1001,煎茶,お茶,1170 ,105,122850 
1298,467,2016/10/15,108,デザインアルテ,浦安支社,南関東,E1001,ミネラルウォーター,その他,820 ,150,123000 
1298,468,2016/10/15,108,デザインアルテ,浦安支社,南関東,E1002,コーンスープ,その他,1500 ,75,112500 
1299,469,2016/10/15,109,若槻自動車,横浜支社,南関東,E1001,ミネラルウォーター,その他,820 ,225,184500 
1299,470,2016/10/15,109,若槻自動車,横浜支社,南関東,E1003,カップ麺詰め合わせ,その他,1800 ,30,54000 
1300,471,2016/10/15,110,辻本飲料販売,横浜支社,南関東,T1001,煎茶,お茶,1170 ,150,175500 
1300,472,2016/10/15,110,辻本飲料販売,横浜支社,南関東,T1002,麦茶,お茶,900 ,120,108000 
1300,473,2016/10/15,110,辻本飲料販売,横浜支社,南関東,T1003,紅茶,お茶,1800 ,210,378000 
1301,474,2016/11/1,101,深田出版,本社,東京都内,E1001,ミネラルウォーター,その他,820 ,120,98400 
1301,475,2016/11/1,101,深田出版,本社,東京都内,E1002,コーンスープ,その他,1500 ,75,112500 
1302,476,2016/11/1,102,寺本システム,本社,東京都内,E1001,ミネラルウォーター,その他,820 ,150,123000 
1302,477,2016/11/1,102,寺本システム,本社,東京都内,E1003,カップ麺詰め合わせ,その他,1800 ,150,270000 
1302,478,2016/11/1,102,寺本システム,本社,東京都内,C1003,無糖コーヒー,コーヒー,2000 ,450,900000 
1303,479,2016/11/1,103,西山フーズ,新宿支社,東京都内,T1001,煎茶,お茶,1170 ,60,70200 
1303,480,2016/11/1,103,西山フーズ,新宿支社,東京都内,T1003,紅茶,お茶,1800 ,150,270000 
1304,481,2016/11/1,104,吉村不動産,新宿支社,東京都内,E1001,ミネラルウォーター,その他,820 ,90,73800 
1304,482,2016/11/1,104,吉村不動産,新宿支社,東京都内,E1003,カップ麺詰め合わせ,その他,1800 ,150,270000 
1304,483,2016/11/1,104,吉村不動産,新宿支社,東京都内,E1004,ココア,その他,1300 ,15,19500 
1305,484,2016/11/1,105,川越トラベル,さいたま支社,北関東,E1001,ミネラルウォーター,その他,820 ,90,73800 
1305,485,2016/11/1,105,川越トラベル,さいたま支社,北関東,E1004,ココア,その他,1300 ,60,78000 
1306,486,2016/11/1,106,森本食品,さいたま支社,北関東,C1001,ドリップコーヒー,コーヒー,2150 ,300,645000 
1306,487,2016/11/1,106,森本食品,さいたま支社,北関東,C1002,カフェオーレ,コーヒー,1700 ,300,510000 
1307,488,2016/11/1,107,鈴木ハウジング,前橋支社,北関東,T1001,煎茶,お茶,1170 ,105,122850 
1307,489,2016/11/1,107,鈴木ハウジング,前橋支社,北関東,C1001,ドリップコーヒー,コーヒー,2150 ,75,161250 
1307,490,2016/11/1,107,鈴木ハウジング,前橋支社,北関東,C1003,無糖コーヒー,コーヒー,2000 ,75,150000 
1308,491,2016/11/1,108,デザインアルテ,浦安支社,南関東,E1001,ミネラルウォーター,その他,820 ,150,123000 
1308,492,2016/11/1,108,デザインアルテ,浦安支社,南関東,E1002,コーンスープ,その他,1500 ,105,157500 
1309,493,2016/11/1,109,若槻自動車,横浜支社,南関東,E1001,ミネラルウォーター,その他,820 ,180,147600 
1309,494,2016/11/1,109,若槻自動車,横浜支社,南関東,E1003,カップ麺詰め合わせ,その他,1800 ,30,54000 
1310,495,2016/11/1,110,辻本飲料販売,横浜支社,南関東,T1001,煎茶,お茶,1170 ,150,175500 
1310,496,2016/11/1,110,辻本飲料販売,横浜支社,南関東,T1002,麦茶,お茶,900 ,150,135000 
1310,497,2016/11/1,110,辻本飲料販売,横浜支社,南関東,T1003,紅茶,お茶,1800 ,150,270000 
1311,498,2016/11/15,101,深田出版,本社,東京都内,E1001,ミネラルウォーター,その他,820 ,150,123000 
1311,499,2016/11/15,101,深田出版,本社,東京都内,E1002,コーンスープ,その他,1500 ,150,225000 
1312,500,2016/11/15,102,寺本システム,本社,東京都内,E1001,ミネラルウォーター,その他,820 ,150,123000 
1312,501,2016/11/15,102,寺本システム,本社,東京都内,E1003,カップ麺詰め合わせ,その他,1800 ,150,270000 
1312,502,2016/11/15,102,寺本システム,本社,東京都内,C1003,無糖コーヒー,コーヒー,2000 ,750,1500000 
1313,503,2016/11/15,103,西山フーズ,新宿支社,東京都内,T1001,煎茶,お茶,1170 ,60,70200 
1313,504,2016/11/15,103,西山フーズ,新宿支社,東京都内,T1003,紅茶,お茶,1800 ,150,270000 
1314,505,2016/11/15,104,吉村不動産,新宿支社,東京都内,E1001,ミネラルウォーター,その他,820 ,120,98400 
1314,506,2016/11/15,104,吉村不動産,新宿支社,東京都内,E1003,カップ麺詰め合わせ,その他,1800 ,75,135000 
1315,507,2016/11/15,105,川越トラベル,さいたま支社,北関東,E1001,ミネラルウォーター,その他,820 ,150,123000 
1315,508,2016/11/15,105,川越トラベル,さいたま支社,北関東,E1004,ココア,その他,1300 ,60,78000 
1316,509,2016/11/15,106,森本食品,さいたま支社,北関東,C1001,ドリップコーヒー,コーヒー,2150 ,375,806250 
1316,510,2016/11/15,106,森本食品,さいたま支社,北関東,C1002,カフェオーレ,コーヒー,1700 ,300,510000 
1317,511,2016/11/15,107,鈴木ハウジング,前橋支社,北関東,T1001,煎茶,お茶,1170 ,120,140400 
1318,512,2016/11/15,108,デザインアルテ,浦安支社,南関東,E1001,ミネラルウォーター,その他,820 ,150,123000 
1318,513,2016/11/15,108,デザインアルテ,浦安支社,南関東,E1002,コーンスープ,その他,1500 ,75,112500 
1319,514,2016/11/15,109,若槻自動車,横浜支社,南関東,E1001,ミネラルウォーター,その他,820 ,225,184500 
1319,515,2016/11/15,109,若槻自動車,横浜支社,南関東,E1003,カップ麺詰め合わせ,その他,1800 ,60,108000 
1320,516,2016/11/15,110,辻本飲料販売,横浜支社,南関東,T1001,煎茶,お茶,1170 ,150,175500 
1320,517,2016/11/15,110,辻本飲料販売,横浜支社,南関東,T1002,麦茶,お茶,900 ,150,135000 
1320,518,2016/11/15,110,辻本飲料販売,横浜支社,南関東,T1003,紅茶,お茶,1800 ,210,378000 
1321,519,2016/12/1,101,深田出版,本社,東京都内,E1001,ミネラルウォーター,その他,820 ,150,123000 
1321,520,2016/12/1,101,深田出版,本社,東京都内,E1002,コーンスープ,その他,1500 ,75,112500 
1322,521,2016/12/1,102,寺本システム,本社,東京都内,E1001,ミネラルウォーター,その他,820 ,150,123000 
1322,522,2016/12/1,102,寺本システム,本社,東京都内,E1003,カップ麺詰め合わせ,その他,1800 ,150,270000 
1322,523,2016/12/1,102,寺本システム,本社,東京都内,C1003,無糖コーヒー,コーヒー,2000 ,600,1200000 
1323,524,2016/12/1,103,西山フーズ,新宿支社,東京都内,T1001,煎茶,お茶,1170 ,120,140400 
1323,525,2016/12/1,103,西山フーズ,新宿支社,東京都内,T1003,紅茶,お茶,1800 ,180,324000 
1324,526,2016/12/1,104,吉村不動産,新宿支社,東京都内,E1001,ミネラルウォーター,その他,820 ,120,98400 
1324,527,2016/12/1,104,吉村不動産,新宿支社,東京都内,E1003,カップ麺詰め合わせ,その他,1800 ,75,135000 
1324,528,2016/12/1,104,吉村不動産,新宿支社,東京都内,E1004,ココア,その他,1300 ,15,19500 
1325,529,2016/12/1,105,川越トラベル,さいたま支社,北関東,E1001,ミネラルウォーター,その他,820 ,120,98400 
1325,530,2016/12/1,105,川越トラベル,さいたま支社,北関東,E1004,ココア,その他,1300 ,120,156000 
1326,531,2016/12/1,106,森本食品,さいたま支社,北関東,C1001,ドリップコーヒー,コーヒー,2150 ,375,806250 
1326,532,2016/12/1,106,森本食品,さいたま支社,北関東,C1002,カフェオーレ,コーヒー,1700 ,600,1020000 
1327,533,2016/12/1,107,鈴木ハウジング,前橋支社,北関東,T1001,煎茶,お茶,1170 ,105,122850 
1328,534,2016/12/1,108,デザインアルテ,浦安支社,南関東,E1001,ミネラルウォーター,その他,820 ,150,123000 
1328,535,2016/12/1,108,デザインアルテ,浦安支社,南関東,E1002,コーンスープ,その他,1500 ,120,180000 
1329,536,2016/12/1,109,若槻自動車,横浜支社,南関東,E1001,ミネラルウォーター,その他,820 ,225,184500 
1329,537,2016/12/1,109,若槻自動車,横浜支社,南関東,E1003,カップ麺詰め合わせ,その他,1800 ,60,108000 
1330,538,2016/12/1,110,辻本飲料販売,横浜支社,南関東,T1001,煎茶,お茶,1170 ,150,175500 
1330,539,2016/12/1,110,辻本飲料販売,横浜支社,南関東,T1002,麦茶,お茶,900 ,150,135000 
1330,540,2016/12/1,110,辻本飲料販売,横浜支社,南関東,T1003,紅茶,お茶,1800 ,210,378000 
1331,541,2016/12/15,101,深田出版,本社,東京都内,E1001,ミネラルウォーター,その他,820 ,120,98400 
1331,542,2016/12/15,101,深田出版,本社,東京都内,E1002,コーンスープ,その他,1500 ,105,157500 
1332,543,2016/12/15,102,寺本システム,本社,東京都内,E1001,ミネラルウォーター,その他,820 ,150,123000 
1332,544,2016/12/15,102,寺本システム,本社,東京都内,E1003,カップ麺詰め合わせ,その他,1800 ,150,270000 
1332,545,2016/12/15,102,寺本システム,本社,東京都内,C1003,無糖コーヒー,コーヒー,2000 ,450,900000 
1333,546,2016/12/15,103,西山フーズ,新宿支社,東京都内,T1001,煎茶,お茶,1170 ,75,87750 
1333,547,2016/12/15,103,西山フーズ,新宿支社,東京都内,T1002,麦茶,お茶,900 ,30,27000 
1333,548,2016/12/15,103,西山フーズ,新宿支社,東京都内,T1003,紅茶,お茶,1800 ,150,270000 
1333,549,2016/12/15,103,西山フーズ,新宿支社,東京都内,C1002,カフェオーレ,コーヒー,1700 ,150,255000 
1334,550,2016/12/15,104,吉村不動産,新宿支社,東京都内,E1001,ミネラルウォーター,その他,820 ,90,73800 
1334,551,2016/12/15,104,吉村不動産,新宿支社,東京都内,E1003,カップ麺詰め合わせ,その他,1800 ,105,189000 
1335,552,2016/12/15,105,川越トラベル,さいたま支社,北関東,E1001,ミネラルウォーター,その他,820 ,90,73800 
1335,553,2016/12/15,105,川越トラベル,さいたま支社,北関東,E1004,ココア,その他,1300 ,90,117000 
1336,554,2016/12/15,106,森本食品,さいたま支社,北関東,C1001,ドリップコーヒー,コーヒー,2150 ,300,645000 
1336,555,2016/12/15,106,森本食品,さいたま支社,北関東,C1002,カフェオーレ,コーヒー,1700 ,300,510000 
1337,556,2016/12/15,107,鈴木ハウジング,前橋支社,北関東,T1001,煎茶,お茶,1170 ,105,122850 
1338,557,2016/12/15,108,デザインアルテ,浦安支社,南関東,E1001,ミネラルウォーター,その他,820 ,150,123000 
1338,558,2016/12/15,108,デザインアルテ,浦安支社,南関東,E1002,コーンスープ,その他,1500 ,75,112500 
1339,559,2016/12/15,109,若槻自動車,横浜支社,南関東,E1001,ミネラルウォーター,その他,820 ,180,147600 
1339,560,2016/12/15,109,若槻自動車,横浜支社,南関東,E1003,カップ麺詰め合わせ,その他,1800 ,30,54000 
1340,561,2016/12/15,110,辻本飲料販売,横浜支社,南関東,T1001,煎茶,お茶,1170 ,150,175500 
1340,562,2016/12/15,110,辻本飲料販売,横浜支社,南関東,T1002,麦茶,お茶,900 ,150,135000 
1340,563,2016/12/15,110,辻本飲料販売,横浜支社,南関東,T1003,紅茶,お茶,1800 ,150,270000 
1341,564,2017/1/7,101,深田出版,本社,東京都内,E1001,ミネラルウォーター,その他,820 ,150,123000 
1341,565,2017/1/7,101,深田出版,本社,東京都内,E1002,コーンスープ,その他,1500 ,150,225000 
1342,566,2017/1/7,102,寺本システム,本社,東京都内,E1001,ミネラルウォーター,その他,820 ,150,123000 
1342,567,2017/1/7,102,寺本システム,本社,東京都内,E1003,カップ麺詰め合わせ,その他,1800 ,150,270000 
1342,568,2017/1/7,102,寺本システム,本社,東京都内,C1003,無糖コーヒー,コーヒー,2000 ,600,1200000 
1343,569,2017/1/7,103,西山フーズ,新宿支社,東京都内,T1001,煎茶,お茶,1170 ,90,105300 
1343,570,2017/1/7,103,西山フーズ,新宿支社,東京都内,T1003,紅茶,お茶,1800 ,150,270000 
1344,571,2017/1/7,104,吉村不動産,新宿支社,東京都内,E1001,ミネラルウォーター,その他,820 ,120,98400 
1344,572,2017/1/7,104,吉村不動産,新宿支社,東京都内,E1003,カップ麺詰め合わせ,その他,1800 ,75,135000 
1344,573,2017/1/7,104,吉村不動産,新宿支社,東京都内,E1004,ココア,その他,1300 ,30,39000 
1345,574,2017/1/7,105,川越トラベル,さいたま支社,北関東,E1001,ミネラルウォーター,その他,820 ,120,98400 
1345,575,2017/1/7,105,川越トラベル,さいたま支社,北関東,E1004,ココア,その他,1300 ,60,78000 
1346,576,2017/1/7,106,森本食品,さいたま支社,北関東,C1001,ドリップコーヒー,コーヒー,2150 ,375,806250 
1346,577,2017/1/7,106,森本食品,さいたま支社,北関東,C1002,カフェオーレ,コーヒー,1700 ,375,637500 
1347,578,2017/1/7,107,鈴木ハウジング,前橋支社,北関東,T1001,煎茶,お茶,1170 ,105,122850 
1348,579,2017/1/7,108,デザインアルテ,浦安支社,南関東,E1001,ミネラルウォーター,その他,820 ,150,123000 
1348,580,2017/1/7,108,デザインアルテ,浦安支社,南関東,E1002,コーンスープ,その他,1500 ,75,112500 
1349,581,2017/1/7,109,若槻自動車,横浜支社,南関東,E1001,ミネラルウォーター,その他,820 ,225,184500 
1349,582,2017/1/7,109,若槻自動車,横浜支社,南関東,E1003,カップ麺詰め合わせ,その他,1800 ,30,54000 
1350,583,2017/1/7,110,辻本飲料販売,横浜支社,南関東,T1001,煎茶,お茶,1170 ,150,175500 
1350,584,2017/1/7,110,辻本飲料販売,横浜支社,南関東,T1002,麦茶,お茶,900 ,180,162000 
1350,585,2017/1/7,110,辻本飲料販売,横浜支社,南関東,T1003,紅茶,お茶,1800 ,210,378000 
1351,586,2017/1/15,101,深田出版,本社,東京都内,E1001,ミネラルウォーター,その他,820 ,150,123000 
1351,587,2017/1/15,101,深田出版,本社,東京都内,E1002,コーンスープ,その他,1500 ,75,112500 
1352,588,2017/1/15,102,寺本システム,本社,東京都内,E1001,ミネラルウォーター,その他,820 ,150,123000 
1352,589,2017/1/15,102,寺本システム,本社,東京都内,E1003,カップ麺詰め合わせ,その他,1800 ,150,270000 
1352,590,2017/1/15,102,寺本システム,本社,東京都内,C1003,無糖コーヒー,コーヒー,2000 ,600,1200000 
1353,591,2017/1/15,103,西山フーズ,新宿支社,東京都内,T1001,煎茶,お茶,1170 ,60,70200 
1353,592,2017/1/15,103,西山フーズ,新宿支社,東京都内,T1003,紅茶,お茶,1800 ,150,270000 
1354,593,2017/1/15,104,吉村不動産,新宿支社,東京都内,E1001,ミネラルウォーター,その他,820 ,150,123000 
1354,594,2017/1/15,104,吉村不動産,新宿支社,東京都内,E1003,カップ麺詰め合わせ,その他,1800 ,75,135000 
1355,595,2017/1/15,105,川越トラベル,さいたま支社,北関東,E1001,ミネラルウォーター,その他,820 ,120,98400 
1355,596,2017/1/15,105,川越トラベル,さいたま支社,北関東,E1004,ココア,その他,1300 ,75,97500 
1356,597,2017/1/15,106,森本食品,さいたま支社,北関東,C1001,ドリップコーヒー,コーヒー,2150 ,375,806250 
1356,598,2017/1/15,106,森本食品,さいたま支社,北関東,C1002,カフェオーレ,コーヒー,1700 ,300,510000 
1357,599,2017/1/15,107,鈴木ハウジング,前橋支社,北関東,T1001,煎茶,お茶,1170 ,120,140400 
1358,600,2017/1/15,108,デザインアルテ,浦安支社,南関東,E1001,ミネラルウォーター,その他,820 ,150,123000 
1358,601,2017/1/15,108,デザインアルテ,浦安支社,南関東,E1002,コーンスープ,その他,1500 ,75,112500 
1359,602,2017/1/15,109,若槻自動車,横浜支社,南関東,E1001,ミネラルウォーター,その他,820 ,225,184500 
1359,603,2017/1/15,109,若槻自動車,横浜支社,南関東,E1003,カップ麺詰め合わせ,その他,1800 ,30,54000 
1360,604,2017/1/15,110,辻本飲料販売,横浜支社,南関東,T1001,煎茶,お茶,1170 ,150,175500 
1360,605,2017/1/15,110,辻本飲料販売,横浜支社,南関東,T1002,麦茶,お茶,900 ,180,162000 
1360,606,2017/1/15,110,辻本飲料販売,横浜支社,南関東,T1003,紅茶,お茶,1800 ,210,378000 
1361,607,2017/2/1,101,深田出版,本社,東京都内,E1001,ミネラルウォーター,その他,820 ,120,98400 
1361,608,2017/2/1,101,深田出版,本社,東京都内,E1002,コーンスープ,その他,1500 ,75,112500 
1362,609,2017/2/1,102,寺本システム,本社,東京都内,E1001,ミネラルウォーター,その他,820 ,180,147600 
1362,610,2017/2/1,102,寺本システム,本社,東京都内,E1003,カップ麺詰め合わせ,その他,1800 ,150,270000 
1362,611,2017/2/1,102,寺本システム,本社,東京都内,C1003,無糖コーヒー,コーヒー,2000 ,450,900000 
1363,612,2017/2/1,103,西山フーズ,新宿支社,東京都内,T1001,煎茶,お茶,1170 ,60,70200 
1363,613,2017/2/1,103,西山フーズ,新宿支社,東京都内,T1003,紅茶,お茶,1800 ,150,270000 
1364,614,2017/2/1,104,吉村不動産,新宿支社,東京都内,E1001,ミネラルウォーター,その他,820 ,90,73800 
1364,615,2017/2/1,104,吉村不動産,新宿支社,東京都内,E1003,カップ麺詰め合わせ,その他,1800 ,75,135000 
1364,616,2017/2/1,104,吉村不動産,新宿支社,東京都内,E1004,ココア,その他,1300 ,30,39000 
1365,617,2017/2/1,105,川越トラベル,さいたま支社,北関東,E1001,ミネラルウォーター,その他,820 ,150,123000 
1365,618,2017/2/1,105,川越トラベル,さいたま支社,北関東,E1004,ココア,その他,1300 ,60,78000 
1366,619,2017/2/1,106,森本食品,さいたま支社,北関東,C1001,ドリップコーヒー,コーヒー,2150 ,300,645000 
1366,620,2017/2/1,106,森本食品,さいたま支社,北関東,C1002,カフェオーレ,コーヒー,1700 ,300,510000 
1367,621,2017/2/1,107,鈴木ハウジング,前橋支社,北関東,T1001,煎茶,お茶,1170 ,105,122850 
1368,622,2017/2/1,108,デザインアルテ,浦安支社,南関東,E1001,ミネラルウォーター,その他,820 ,150,123000 
1368,623,2017/2/1,108,デザインアルテ,浦安支社,南関東,E1002,コーンスープ,その他,1500 ,75,112500 
1369,624,2017/2/1,109,若槻自動車,横浜支社,南関東,E1001,ミネラルウォーター,その他,820 ,150,123000 
1369,625,2017/2/1,109,若槻自動車,横浜支社,南関東,E1003,カップ麺詰め合わせ,その他,1800 ,30,54000 
1370,626,2017/2/1,110,辻本飲料販売,横浜支社,南関東,T1001,煎茶,お茶,1170 ,180,210600 
1370,627,2017/2/1,110,辻本飲料販売,横浜支社,南関東,T1002,麦茶,お茶,900 ,150,135000 
1370,628,2017/2/1,110,辻本飲料販売,横浜支社,南関東,T1003,紅茶,お茶,1800 ,150,270000 
1371,629,2017/2/15,101,深田出版,本社,東京都内,E1001,ミネラルウォーター,その他,820 ,150,123000 
1371,630,2017/2/15,101,深田出版,本社,東京都内,E1002,コーンスープ,その他,1500 ,75,112500 
1372,631,2017/2/15,102,寺本システム,本社,東京都内,E1001,ミネラルウォーター,その他,820 ,150,123000 
1372,632,2017/2/15,102,寺本システム,本社,東京都内,E1003,カップ麺詰め合わせ,その他,1800 ,180,324000 
1372,633,2017/2/15,102,寺本システム,本社,東京都内,C1003,無糖コーヒー,コーヒー,2000 ,600,1200000 
1373,634,2017/2/15,103,西山フーズ,新宿支社,東京都内,T1001,煎茶,お茶,1170 ,60,70200 
1373,635,2017/2/15,103,西山フーズ,新宿支社,東京都内,T1003,紅茶,お茶,1800 ,300,540000 
1374,636,2017/2/15,104,吉村不動産,新宿支社,東京都内,E1001,ミネラルウォーター,その他,820 ,120,98400 
1374,637,2017/2/15,104,吉村不動産,新宿支社,東京都内,E1003,カップ麺詰め合わせ,その他,1800 ,75,135000 
1375,638,2017/2/15,105,川越トラベル,さいたま支社,北関東,E1001,ミネラルウォーター,その他,820 ,150,123000 
1375,639,2017/2/15,105,川越トラベル,さいたま支社,北関東,E1004,ココア,その他,1300 ,60,78000 
1376,640,2017/2/15,106,森本食品,さいたま支社,北関東,C1001,ドリップコーヒー,コーヒー,2150 ,375,806250 
1376,641,2017/2/15,106,森本食品,さいたま支社,北関東,C1002,カフェオーレ,コーヒー,1700 ,375,637500 
1377,642,2017/2/15,107,鈴木ハウジング,前橋支社,北関東,T1001,煎茶,お茶,1170 ,105,122850 
1378,643,2017/2/15,108,デザインアルテ,浦安支社,南関東,E1001,ミネラルウォーター,その他,820 ,150,123000 
1378,644,2017/2/15,108,デザインアルテ,浦安支社,南関東,E1002,コーンスープ,その他,1500 ,150,225000 
1379,645,2017/2/15,109,若槻自動車,横浜支社,南関東,E1001,ミネラルウォーター,その他,820 ,225,184500 
1379,646,2017/2/15,109,若槻自動車,横浜支社,南関東,E1003,カップ麺詰め合わせ,その他,1800 ,30,54000 
1380,647,2017/2/15,110,辻本飲料販売,横浜支社,南関東,T1001,煎茶,お茶,1170 ,150,175500 
1380,648,2017/2/15,110,辻本飲料販売,横浜支社,南関東,T1002,麦茶,お茶,900 ,150,135000 
1380,649,2017/2/15,110,辻本飲料販売,横浜支社,南関東,T1003,紅茶,お茶,1800 ,210,378000 
1381,650,2017/3/1,101,深田出版,本社,東京都内,E1001,ミネラルウォーター,その他,820 ,150,123000 
1381,651,2017/3/1,101,深田出版,本社,東京都内,E1002,コーンスープ,その他,1500 ,75,112500 
1382,652,2017/3/1,102,寺本システム,本社,東京都内,E1001,ミネラルウォーター,その他,820 ,150,123000 
1382,653,2017/3/1,102,寺本システム,本社,東京都内,E1003,カップ麺詰め合わせ,その他,1800 ,180,324000 
1382,654,2017/3/1,102,寺本システム,本社,東京都内,C1003,無糖コーヒー,コーヒー,2000 ,600,1200000 
1383,655,2017/3/1,103,西山フーズ,新宿支社,東京都内,T1001,煎茶,お茶,1170 ,60,70200 
1383,656,2017/3/1,103,西山フーズ,新宿支社,東京都内,T1003,紅茶,お茶,1800 ,150,270000 
1384,657,2017/3/1,104,吉村不動産,新宿支社,東京都内,E1001,ミネラルウォーター,その他,820 ,150,123000 
1384,658,2017/3/1,104,吉村不動産,新宿支社,東京都内,E1003,カップ麺詰め合わせ,その他,1800 ,75,135000 
1384,659,2017/3/1,104,吉村不動産,新宿支社,東京都内,E1004,ココア,その他,1300 ,30,39000 
1385,660,2017/3/1,105,川越トラベル,さいたま支社,北関東,E1001,ミネラルウォーター,その他,820 ,120,98400 
1385,661,2017/3/1,105,川越トラベル,さいたま支社,北関東,E1004,ココア,その他,1300 ,60,78000 
1386,662,2017/3/1,106,森本食品,さいたま支社,北関東,C1001,ドリップコーヒー,コーヒー,2150 ,525,1128750 
1386,663,2017/3/1,106,森本食品,さいたま支社,北関東,C1002,カフェオーレ,コーヒー,1700 ,300,510000 
1387,664,2017/3/1,107,鈴木ハウジング,前橋支社,北関東,T1001,煎茶,お茶,1170 ,105,122850 
1388,665,2017/3/1,108,デザインアルテ,浦安支社,南関東,E1001,ミネラルウォーター,その他,820 ,150,123000 
1388,666,2017/3/1,108,デザインアルテ,浦安支社,南関東,E1002,コーンスープ,その他,1500 ,75,112500 
1389,667,2017/3/1,109,若槻自動車,横浜支社,南関東,E1001,ミネラルウォーター,その他,820 ,225,184500 
1389,668,2017/3/1,109,若槻自動車,横浜支社,南関東,E1003,カップ麺詰め合わせ,その他,1800 ,30,54000 
1390,669,2017/3/1,110,辻本飲料販売,横浜支社,南関東,T1001,煎茶,お茶,1170 ,150,175500 
1390,670,2017/3/1,110,辻本飲料販売,横浜支社,南関東,T1002,麦茶,お茶,900 ,150,135000 
1390,671,2017/3/1,110,辻本飲料販売,横浜支社,南関東,T1003,紅茶,お茶,1800 ,225,405000 
1391,672,2017/3/15,101,深田出版,本社,東京都内,E1001,ミネラルウォーター,その他,820 ,120,98400 
1391,673,2017/3/15,101,深田出版,本社,東京都内,E1002,コーンスープ,その他,1500 ,75,112500 
1392,674,2017/3/15,102,寺本システム,本社,東京都内,E1001,ミネラルウォーター,その他,820 ,150,123000 
1392,675,2017/3/15,102,寺本システム,本社,東京都内,E1003,カップ麺詰め合わせ,その他,1800 ,150,270000 
1392,676,2017/3/15,102,寺本システム,本社,東京都内,C1003,無糖コーヒー,コーヒー,2000 ,750,1500000 
1393,677,2017/3/15,103,西山フーズ,新宿支社,東京都内,T1001,煎茶,お茶,1170 ,60,70200 
1393,678,2017/3/15,103,西山フーズ,新宿支社,東京都内,T1003,紅茶,お茶,1800 ,150,270000 
1394,679,2017/3/15,104,吉村不動産,新宿支社,東京都内,E1001,ミネラルウォーター,その他,820 ,90,73800 
1394,680,2017/3/15,104,吉村不動産,新宿支社,東京都内,E1003,カップ麺詰め合わせ,その他,1800 ,150,270000 
1395,681,2017/3/15,105,川越トラベル,さいたま支社,北関東,E1001,ミネラルウォーター,その他,820 ,90,73800 
1395,682,2017/3/15,105,川越トラベル,さいたま支社,北関東,E1004,ココア,その他,1300 ,60,78000 
1396,683,2017/3/15,106,森本食品,さいたま支社,北関東,C1001,ドリップコーヒー,コーヒー,2150 ,450,967500 
1396,684,2017/3/15,106,森本食品,さいたま支社,北関東,C1002,カフェオーレ,コーヒー,1700 ,300,510000 
1397,685,2017/3/15,107,鈴木ハウジング,前橋支社,北関東,T1001,煎茶,お茶,1170 ,105,122850 
1398,686,2017/3/15,108,デザインアルテ,浦安支社,南関東,E1001,ミネラルウォーター,その他,820 ,150,123000 
1398,687,2017/3/15,108,デザインアルテ,浦安支社,南関東,E1002,コーンスープ,その他,1500 ,75,112500 
1399,688,2017/3/15,109,若槻自動車,横浜支社,南関東,E1001,ミネラルウォーター,その他,820 ,90,73800 
1399,689,2017/3/15,109,若槻自動車,横浜支社,南関東,E1003,カップ麺詰め合わせ,その他,1800 ,30,54000 
1400,690,2017/3/15,110,辻本飲料販売,横浜支社,南関東,T1001,煎茶,お茶,1170 ,150,175500 
1400,691,2017/3/15,110,辻本飲料販売,横浜支社,南関東,T1002,麦茶,お茶,900 ,150,135000 
1400,692,2017/3/15,110,辻本飲料販売,横浜支社,南関東,T1003,紅茶,お茶,1800 ,150,270000 
1401,693,2017/4/1,101,深田出版,本社,東京都内,E1001,ミネラルウォーター,その他,820 ,150,123000 
1401,694,2017/4/1,101,深田出版,本社,東京都内,E1002,コーンスープ,その他,1500 ,75,112500 
1402,695,2017/4/1,102,寺本システム,本社,東京都内,E1001,ミネラルウォーター,その他,820 ,150,123000 
1402,696,2017/4/1,102,寺本システム,本社,東京都内,E1003,カップ麺詰め合わせ,その他,1800 ,150,270000 
1402,697,2017/4/1,102,寺本システム,本社,東京都内,C1003,無糖コーヒー,コーヒー,2000 ,450,900000 
1403,698,2017/4/1,103,西山フーズ,新宿支社,東京都内,T1001,煎茶,お茶,1170 ,60,70200 
1403,699,2017/4/1,103,西山フーズ,新宿支社,東京都内,T1003,紅茶,お茶,1800 ,150,270000 
1404,700,2017/4/1,104,吉村不動産,新宿支社,東京都内,E1001,ミネラルウォーター,その他,820 ,120,98400 
1404,701,2017/4/1,104,吉村不動産,新宿支社,東京都内,E1003,カップ麺詰め合わせ,その他,1800 ,150,270000 
1404,702,2017/4/1,104,吉村不動産,新宿支社,東京都内,E1004,ココア,その他,1300 ,30,39000 
1405,703,2017/4/1,105,川越トラベル,さいたま支社,北関東,E1001,ミネラルウォーター,その他,820 ,120,98400 
1405,704,2017/4/1,105,川越トラベル,さいたま支社,北関東,E1004,ココア,その他,1300 ,60,78000 
1406,705,2017/4/1,106,森本食品,さいたま支社,北関東,C1001,ドリップコーヒー,コーヒー,2150 ,375,806250 
1406,706,2017/4/1,106,森本食品,さいたま支社,北関東,C1002,カフェオーレ,コーヒー,1700 ,300,510000 
1407,707,2017/4/1,107,鈴木ハウジング,前橋支社,北関東,T1001,煎茶,お茶,1170 ,120,140400 
1407,708,2017/4/1,107,鈴木ハウジング,前橋支社,北関東,C1001,ドリップコーヒー,コーヒー,2150 ,75,161250 
1407,709,2017/4/1,107,鈴木ハウジング,前橋支社,北関東,C1003,無糖コーヒー,コーヒー,2000 ,75,150000 
1408,710,2017/4/1,108,デザインアルテ,浦安支社,南関東,E1001,ミネラルウォーター,その他,820 ,150,123000 
1408,711,2017/4/1,108,デザインアルテ,浦安支社,南関東,E1002,コーンスープ,その他,1500 ,75,112500 
1409,712,2017/4/1,109,若槻自動車,横浜支社,南関東,E1001,ミネラルウォーター,その他,820 ,225,184500 
1409,713,2017/4/1,109,若槻自動車,横浜支社,南関東,E1003,カップ麺詰め合わせ,その他,1800 ,135,243000 
1410,714,2017/4/1,110,辻本飲料販売,横浜支社,南関東,T1001,煎茶,お茶,1170 ,150,175500 
1410,715,2017/4/1,110,辻本飲料販売,横浜支社,南関東,T1002,麦茶,お茶,900 ,150,135000 
1410,716,2017/4/1,110,辻本飲料販売,横浜支社,南関東,T1003,紅茶,お茶,1800 ,300,540000 
1411,717,2017/4/15,101,深田出版,本社,東京都内,E1001,ミネラルウォーター,その他,820 ,150,123000 
1411,718,2017/4/15,101,深田出版,本社,東京都内,E1002,コーンスープ,その他,1500 ,75,112500 
1412,719,2017/4/15,102,寺本システム,本社,東京都内,E1001,ミネラルウォーター,その他,820 ,150,123000 
1412,720,2017/4/15,102,寺本システム,本社,東京都内,E1003,カップ麺詰め合わせ,その他,1800 ,180,324000 
1412,721,2017/4/15,102,寺本システム,本社,東京都内,C1003,無糖コーヒー,コーヒー,2000 ,600,1200000 
1413,722,2017/4/15,103,西山フーズ,新宿支社,東京都内,T1001,煎茶,お茶,1170 ,60,70200 
1413,723,2017/4/15,103,西山フーズ,新宿支社,東京都内,T1003,紅茶,お茶,1800 ,150,270000 
1414,724,2017/4/15,104,吉村不動産,新宿支社,東京都内,E1001,ミネラルウォーター,その他,820 ,120,98400 
1414,725,2017/4/15,104,吉村不動産,新宿支社,東京都内,E1003,カップ麺詰め合わせ,その他,1800 ,75,135000 
1415,726,2017/4/15,105,川越トラベル,さいたま支社,北関東,E1001,ミネラルウォーター,その他,820 ,120,98400 
1415,727,2017/4/15,105,川越トラベル,さいたま支社,北関東,E1004,ココア,その他,1300 ,75,97500 
1416,728,2017/4/15,106,森本食品,さいたま支社,北関東,C1001,ドリップコーヒー,コーヒー,2150 ,375,806250 
1416,729,2017/4/15,106,森本食品,さいたま支社,北関東,C1002,カフェオーレ,コーヒー,1700 ,450,765000 
1417,730,2017/4/15,107,鈴木ハウジング,前橋支社,北関東,T1001,煎茶,お茶,1170 ,105,122850 
1418,731,2017/4/15,108,デザインアルテ,浦安支社,南関東,E1001,ミネラルウォーター,その他,820 ,120,98400 
1418,732,2017/4/15,108,デザインアルテ,浦安支社,南関東,E1002,コーンスープ,その他,1500 ,75,112500 
1419,733,2017/4/15,109,若槻自動車,横浜支社,南関東,E1001,ミネラルウォーター,その他,820 ,300,246000 
1419,734,2017/4/15,109,若槻自動車,横浜支社,南関東,E1003,カップ麺詰め合わせ,その他,1800 ,30,54000 
1420,735,2017/4/15,110,辻本飲料販売,横浜支社,南関東,T1001,煎茶,お茶,1170 ,150,175500 
1420,736,2017/4/15,110,辻本飲料販売,横浜支社,南関東,T1002,麦茶,お茶,900 ,180,162000 
1420,737,2017/4/15,110,辻本飲料販売,横浜支社,南関東,T1003,紅茶,お茶,1800 ,210,378000 
1421,738,2017/5/1,101,深田出版,本社,東京都内,E1001,ミネラルウォーター,その他,820 ,150,123000 
1421,739,2017/5/1,101,深田出版,本社,東京都内,E1002,コーンスープ,その他,1500 ,75,112500 
1422,740,2017/5/1,102,寺本システム,本社,東京都内,E1001,ミネラルウォーター,その他,820 ,150,123000 
1422,741,2017/5/1,102,寺本システム,本社,東京都内,E1003,カップ麺詰め合わせ,その他,1800 ,150,270000 
1422,742,2017/5/1,102,寺本システム,本社,東京都内,C1003,無糖コーヒー,コーヒー,2000 ,750,1500000 
1423,743,2017/5/1,103,西山フーズ,新宿支社,東京都内,T1001,煎茶,お茶,1170 ,60,70200 
1423,744,2017/5/1,103,西山フーズ,新宿支社,東京都内,T1003,紅茶,お茶,1800 ,150,270000 
1424,745,2017/5/1,104,吉村不動産,新宿支社,東京都内,E1001,ミネラルウォーター,その他,820 ,120,98400 
1424,746,2017/5/1,104,吉村不動産,新宿支社,東京都内,E1003,カップ麺詰め合わせ,その他,1800 ,75,135000 
1424,747,2017/5/1,104,吉村不動産,新宿支社,東京都内,E1004,ココア,その他,1300 ,30,39000 
1425,748,2017/5/1,105,川越トラベル,さいたま支社,北関東,E1001,ミネラルウォーター,その他,820 ,120,98400 
1425,749,2017/5/1,105,川越トラベル,さいたま支社,北関東,E1004,ココア,その他,1300 ,60,78000 
1426,750,2017/5/1,106,森本食品,さいたま支社,北関東,C1001,ドリップコーヒー,コーヒー,2150 ,300,645000 
1426,751,2017/5/1,106,森本食品,さいたま支社,北関東,C1002,カフェオーレ,コーヒー,1700 ,300,510000 
1427,752,2017/5/1,107,鈴木ハウジング,前橋支社,北関東,T1001,煎茶,お茶,1170 ,150,175500 
1428,753,2017/5/1,108,デザインアルテ,浦安支社,南関東,E1001,ミネラルウォーター,その他,820 ,150,123000 
1428,754,2017/5/1,108,デザインアルテ,浦安支社,南関東,E1002,コーンスープ,その他,1500 ,75,112500 
1429,755,2017/5/1,109,若槻自動車,横浜支社,南関東,E1001,ミネラルウォーター,その他,820 ,150,123000 
1429,756,2017/5/1,109,若槻自動車,横浜支社,南関東,E1003,カップ麺詰め合わせ,その他,1800 ,60,108000 
1430,757,2017/5/1,110,辻本飲料販売,横浜支社,南関東,T1001,煎茶,お茶,1170 ,150,175500 
1430,758,2017/5/1,110,辻本飲料販売,横浜支社,南関東,T1002,麦茶,お茶,900 ,150,135000 
1430,759,2017/5/1,110,辻本飲料販売,横浜支社,南関東,T1003,紅茶,お茶,1800 ,225,405000 
1431,760,2017/5/15,101,深田出版,本社,東京都内,E1001,ミネラルウォーター,その他,820 ,150,123000 
1431,761,2017/5/15,101,深田出版,本社,東京都内,E1002,コーンスープ,その他,1500 ,75,112500 
1432,762,2017/5/15,102,寺本システム,本社,東京都内,E1001,ミネラルウォーター,その他,820 ,150,123000 
1432,763,2017/5/15,102,寺本システム,本社,東京都内,E1003,カップ麺詰め合わせ,その他,1800 ,225,405000 
1432,764,2017/5/15,102,寺本システム,本社,東京都内,C1003,無糖コーヒー,コーヒー,2000 ,600,1200000 
1433,765,2017/5/15,103,西山フーズ,新宿支社,東京都内,T1001,煎茶,お茶,1170 ,60,70200 
1433,766,2017/5/15,103,西山フーズ,新宿支社,東京都内,T1003,紅茶,お茶,1800 ,150,270000 
1434,767,2017/5/15,104,吉村不動産,新宿支社,東京都内,E1001,ミネラルウォーター,その他,820 ,120,98400 
1434,768,2017/5/15,104,吉村不動産,新宿支社,東京都内,E1003,カップ麺詰め合わせ,その他,1800 ,150,270000 
1435,769,2017/5/15,105,川越トラベル,さいたま支社,北関東,E1001,ミネラルウォーター,その他,820 ,120,98400 
1435,770,2017/5/15,105,川越トラベル,さいたま支社,北関東,E1004,ココア,その他,1300 ,60,78000 
1436,771,2017/5/15,106,森本食品,さいたま支社,北関東,C1001,ドリップコーヒー,コーヒー,2150 ,525,1128750 
1436,772,2017/5/15,106,森本食品,さいたま支社,北関東,C1002,カフェオーレ,コーヒー,1700 ,300,510000 
1437,773,2017/5/15,107,鈴木ハウジング,前橋支社,北関東,T1001,煎茶,お茶,1170 ,105,122850 
1438,774,2017/5/15,108,デザインアルテ,浦安支社,南関東,E1001,ミネラルウォーター,その他,820 ,120,98400 
1438,775,2017/5/15,108,デザインアルテ,浦安支社,南関東,E1002,コーンスープ,その他,1500 ,75,112500 
1439,776,2017/5/15,109,若槻自動車,横浜支社,南関東,E1001,ミネラルウォーター,その他,820 ,225,184500 
1439,777,2017/5/15,109,若槻自動車,横浜支社,南関東,E1003,カップ麺詰め合わせ,その他,1800 ,30,54000 
1440,778,2017/5/15,110,辻本飲料販売,横浜支社,南関東,T1001,煎茶,お茶,1170 ,165,193050 
1440,779,2017/5/15,110,辻本飲料販売,横浜支社,南関東,T1002,麦茶,お茶,900 ,150,135000 
1440,780,2017/5/15,110,辻本飲料販売,横浜支社,南関東,T1003,紅茶,お茶,1800 ,225,405000 
1441,781,2017/6/1,101,深田出版,本社,東京都内,E1001,ミネラルウォーター,その他,820 ,150,123000 
1441,782,2017/6/1,101,深田出版,本社,東京都内,E1002,コーンスープ,その他,1500 ,105,157500 
1442,783,2017/6/1,102,寺本システム,本社,東京都内,E1001,ミネラルウォーター,その他,820 ,150,123000 
1442,784,2017/6/1,102,寺本システム,本社,東京都内,E1003,カップ麺詰め合わせ,その他,1800 ,195,351000 
1442,785,2017/6/1,102,寺本システム,本社,東京都内,C1003,無糖コーヒー,コーヒー,2000 ,600,1200000 
1443,786,2017/6/1,103,西山フーズ,新宿支社,東京都内,T1001,煎茶,お茶,1170 ,60,70200 
1443,787,2017/6/1,103,西山フーズ,新宿支社,東京都内,T1003,紅茶,お茶,1800 ,150,270000 
1444,788,2017/6/1,104,吉村不動産,新宿支社,東京都内,E1001,ミネラルウォーター,その他,820 ,150,123000 
1444,789,2017/6/1,104,吉村不動産,新宿支社,東京都内,E1003,カップ麺詰め合わせ,その他,1800 ,75,135000 
1444,790,2017/6/1,104,吉村不動産,新宿支社,東京都内,E1004,ココア,その他,1300 ,30,39000 
1445,791,2017/6/1,105,川越トラベル,さいたま支社,北関東,E1001,ミネラルウォーター,その他,820 ,120,98400 
1445,792,2017/6/1,105,川越トラベル,さいたま支社,北関東,E1004,ココア,その他,1300 ,60,78000 
1446,793,2017/6/1,106,森本食品,さいたま支社,北関東,C1001,ドリップコーヒー,コーヒー,2150 ,525,1128750 
1446,794,2017/6/1,106,森本食品,さいたま支社,北関東,C1002,カフェオーレ,コーヒー,1700 ,600,1020000 
1447,795,2017/6/1,107,鈴木ハウジング,前橋支社,北関東,T1001,煎茶,お茶,1170 ,105,122850 
1448,796,2017/6/1,108,デザインアルテ,浦安支社,南関東,E1001,ミネラルウォーター,その他,820 ,150,123000 
1448,797,2017/6/1,108,デザインアルテ,浦安支社,南関東,E1002,コーンスープ,その他,1500 ,150,225000 
1449,798,2017/6/1,109,若槻自動車,横浜支社,南関東,E1001,ミネラルウォーター,その他,820 ,225,184500 
1449,799,2017/6/1,109,若槻自動車,横浜支社,南関東,E1003,カップ麺詰め合わせ,その他,1800 ,30,54000 
1450,800,2017/6/1,110,辻本飲料販売,横浜支社,南関東,T1001,煎茶,お茶,1170 ,225,263250 
1450,801,2017/6/1,110,辻本飲料販売,横浜支社,南関東,T1002,麦茶,お茶,900 ,180,162000 
1450,802,2017/6/1,110,辻本飲料販売,横浜支社,南関東,T1003,紅茶,お茶,1800 ,225,405000 
1451,803,2017/6/15,101,深田出版,本社,東京都内,E1001,ミネラルウォーター,その他,820 ,120,98400 
1451,804,2017/6/15,101,深田出版,本社,東京都内,E1002,コーンスープ,その他,1500 ,105,157500 
1452,805,2017/6/15,102,寺本システム,本社,東京都内,E1001,ミネラルウォーター,その他,820 ,180,147600 
1452,806,2017/6/15,102,寺本システム,本社,東京都内,E1003,カップ麺詰め合わせ,その他,1800 ,150,270000 
1452,807,2017/6/15,102,寺本システム,本社,東京都内,C1003,無糖コーヒー,コーヒー,2000 ,450,900000 
1453,808,2017/6/15,103,西山フーズ,新宿支社,東京都内,T1001,煎茶,お茶,1170 ,60,70200 
1453,809,2017/6/15,103,西山フーズ,新宿支社,東京都内,T1003,紅茶,お茶,1800 ,150,270000 
1454,810,2017/6/15,104,吉村不動産,新宿支社,東京都内,E1001,ミネラルウォーター,その他,820 ,120,98400 
1454,811,2017/6/15,104,吉村不動産,新宿支社,東京都内,E1003,カップ麺詰め合わせ,その他,1800 ,75,135000 
1455,812,2017/6/15,105,川越トラベル,さいたま支社,北関東,E1001,ミネラルウォーター,その他,820 ,90,73800 
1455,813,2017/6/15,105,川越トラベル,さいたま支社,北関東,E1004,ココア,その他,1300 ,60,78000 
1456,814,2017/6/15,106,森本食品,さいたま支社,北関東,C1001,ドリップコーヒー,コーヒー,2150 ,750,1612500 
1456,815,2017/6/15,106,森本食品,さいたま支社,北関東,C1002,カフェオーレ,コーヒー,1700 ,300,510000 
1457,816,2017/6/15,107,鈴木ハウジング,前橋支社,北関東,T1001,煎茶,お茶,1170 ,105,122850 
1458,817,2017/6/15,108,デザインアルテ,浦安支社,南関東,E1001,ミネラルウォーター,その他,820 ,150,123000 
1458,818,2017/6/15,108,デザインアルテ,浦安支社,南関東,E1002,コーンスープ,その他,1500 ,75,112500 
1459,819,2017/6/15,109,若槻自動車,横浜支社,南関東,E1001,ミネラルウォーター,その他,820 ,150,123000 
1459,820,2017/6/15,109,若槻自動車,横浜支社,南関東,E1003,カップ麺詰め合わせ,その他,1800 ,75,135000 
1460,821,2017/6/15,110,辻本飲料販売,横浜支社,南関東,T1001,煎茶,お茶,1170 ,150,175500 
1460,822,2017/6/15,110,辻本飲料販売,横浜支社,南関東,T1002,麦茶,お茶,900 ,150,135000 
1460,823,2017/6/15,110,辻本飲料販売,横浜支社,南関東,T1003,紅茶,お茶,1800 ,150,270000 
1461,824,2017/7/1,101,深田出版,本社,東京都内,E1001,ミネラルウォーター,その他,820 ,225,184500 
1461,825,2017/7/1,101,深田出版,本社,東京都内,E1002,コーンスープ,その他,1500 ,75,112500 
1462,826,2017/7/1,102,寺本システム,本社,東京都内,E1001,ミネラルウォーター,その他,820 ,150,123000 
1462,827,2017/7/1,102,寺本システム,本社,東京都内,E1003,カップ麺詰め合わせ,その他,1800 ,150,270000 
1462,828,2017/7/1,102,寺本システム,本社,東京都内,C1003,無糖コーヒー,コーヒー,2000 ,600,1200000 
1463,829,2017/7/1,103,西山フーズ,新宿支社,東京都内,T1001,煎茶,お茶,1170 ,150,175500 
1463,830,2017/7/1,103,西山フーズ,新宿支社,東京都内,T1003,紅茶,お茶,1800 ,150,270000 
1464,831,2017/7/1,104,吉村不動産,新宿支社,東京都内,E1001,ミネラルウォーター,その他,820 ,120,98400 
1464,832,2017/7/1,104,吉村不動産,新宿支社,東京都内,E1003,カップ麺詰め合わせ,その他,1800 ,180,324000 
1464,833,2017/7/1,104,吉村不動産,新宿支社,東京都内,E1004,ココア,その他,1300 ,30,39000 
1465,834,2017/7/1,105,川越トラベル,さいたま支社,北関東,E1001,ミネラルウォーター,その他,820 ,120,98400 
1465,835,2017/7/1,105,川越トラベル,さいたま支社,北関東,E1004,ココア,その他,1300 ,60,78000 
1466,836,2017/7/1,106,森本食品,さいたま支社,北関東,C1001,ドリップコーヒー,コーヒー,2150 ,375,806250 
1466,837,2017/7/1,106,森本食品,さいたま支社,北関東,C1002,カフェオーレ,コーヒー,1700 ,450,765000 
1467,838,2017/7/1,107,鈴木ハウジング,前橋支社,北関東,T1001,煎茶,お茶,1170 ,120,140400 
1468,839,2017/7/1,108,デザインアルテ,浦安支社,南関東,E1001,ミネラルウォーター,その他,820 ,150,123000 
1468,840,2017/7/1,108,デザインアルテ,浦安支社,南関東,E1002,コーンスープ,その他,1500 ,75,112500 
1469,841,2017/7/1,109,若槻自動車,横浜支社,南関東,E1001,ミネラルウォーター,その他,820 ,225,184500 
1469,842,2017/7/1,109,若槻自動車,横浜支社,南関東,E1003,カップ麺詰め合わせ,その他,1800 ,75,135000 
1470,843,2017/7/1,110,辻本飲料販売,横浜支社,南関東,T1001,煎茶,お茶,1170 ,180,210600 
1470,844,2017/7/1,110,辻本飲料販売,横浜支社,南関東,T1002,麦茶,お茶,900 ,150,135000 
1470,845,2017/7/1,110,辻本飲料販売,横浜支社,南関東,T1003,紅茶,お茶,1800 ,210,378000 
1471,846,2017/7/15,101,深田出版,本社,東京都内,E1001,ミネラルウォーター,その他,820 ,150,123000 
1471,847,2017/7/15,101,深田出版,本社,東京都内,E1002,コーンスープ,その他,1500 ,150,225000 
1472,848,2017/7/15,102,寺本システム,本社,東京都内,E1001,ミネラルウォーター,その他,820 ,150,123000 
1472,849,2017/7/15,102,寺本システム,本社,東京都内,E1003,カップ麺詰め合わせ,その他,1800 ,180,324000 
1472,850,2017/7/15,102,寺本システム,本社,東京都内,C1003,無糖コーヒー,コーヒー,2000 ,600,1200000 
1473,851,2017/7/15,103,西山フーズ,新宿支社,東京都内,T1001,煎茶,お茶,1170 ,150,175500 
1473,852,2017/7/15,103,西山フーズ,新宿支社,東京都内,T1003,紅茶,お茶,1800 ,150,270000 
1474,853,2017/7/15,104,吉村不動産,新宿支社,東京都内,E1001,ミネラルウォーター,その他,820 ,150,123000 
1474,854,2017/7/15,104,吉村不動産,新宿支社,東京都内,E1003,カップ麺詰め合わせ,その他,1800 ,75,135000 
1475,855,2017/7/15,105,川越トラベル,さいたま支社,北関東,E1001,ミネラルウォーター,その他,820 ,120,98400 
1475,856,2017/7/15,105,川越トラベル,さいたま支社,北関東,E1004,ココア,その他,1300 ,90,117000 
1476,857,2017/7/15,106,森本食品,さいたま支社,北関東,C1001,ドリップコーヒー,コーヒー,2150 ,450,967500 
1476,858,2017/7/15,106,森本食品,さいたま支社,北関東,C1002,カフェオーレ,コーヒー,1700 ,300,510000 
1477,859,2017/7/15,107,鈴木ハウジング,前橋支社,北関東,T1001,煎茶,お茶,1170 ,105,122850 
1478,860,2017/7/15,108,デザインアルテ,浦安支社,南関東,E1001,ミネラルウォーター,その他,820 ,150,123000 
1478,861,2017/7/15,108,デザインアルテ,浦安支社,南関東,E1002,コーンスープ,その他,1500 ,105,157500 
1479,862,2017/7/15,109,若槻自動車,横浜支社,南関東,E1001,ミネラルウォーター,その他,820 ,225,184500 
1479,863,2017/7/15,109,若槻自動車,横浜支社,南関東,E1003,カップ麺詰め合わせ,その他,1800 ,30,54000 
1480,864,2017/7/15,110,辻本飲料販売,横浜支社,南関東,T1001,煎茶,お茶,1170 ,120,140400 
1480,865,2017/7/15,110,辻本飲料販売,横浜支社,南関東,T1002,麦茶,お茶,900 ,150,135000 
1480,866,2017/7/15,110,辻本飲料販売,横浜支社,南関東,T1003,紅茶,お茶,1800 ,210,378000 
1481,867,2017/8/1,101,深田出版,本社,東京都内,E1001,ミネラルウォーター,その他,820 ,150,123000 
1481,868,2017/8/1,101,深田出版,本社,東京都内,E1002,コーンスープ,その他,1500 ,150,225000 
1482,869,2017/8/1,102,寺本システム,本社,東京都内,E1001,ミネラルウォーター,その他,820 ,150,123000 
1482,870,2017/8/1,102,寺本システム,本社,東京都内,E1003,カップ麺詰め合わせ,その他,1800 ,150,270000 
1482,871,2017/8/1,102,寺本システム,本社,東京都内,C1003,無糖コーヒー,コーヒー,2000 ,450,900000 
1483,872,2017/8/1,103,西山フーズ,新宿支社,東京都内,T1001,煎茶,お茶,1170 ,150,175500 
1483,873,2017/8/1,103,西山フーズ,新宿支社,東京都内,T1003,紅茶,お茶,1800 ,150,270000 
1484,874,2017/8/1,104,吉村不動産,新宿支社,東京都内,E1001,ミネラルウォーター,その他,820 ,90,73800 
1484,875,2017/8/1,104,吉村不動産,新宿支社,東京都内,E1003,カップ麺詰め合わせ,その他,1800 ,75,135000 
1484,876,2017/8/1,104,吉村不動産,新宿支社,東京都内,E1004,ココア,その他,1300 ,30,39000 
1485,877,2017/8/1,105,川越トラベル,さいたま支社,北関東,E1001,ミネラルウォーター,その他,820 ,90,73800 
1485,878,2017/8/1,105,川越トラベル,さいたま支社,北関東,E1004,ココア,その他,1300 ,90,117000 
1486,879,2017/8/1,106,森本食品,さいたま支社,北関東,C1001,ドリップコーヒー,コーヒー,2150 ,375,806250 
1486,880,2017/8/1,106,森本食品,さいたま支社,北関東,C1002,カフェオーレ,コーヒー,1700 ,375,637500 
1487,881,2017/8/1,107,鈴木ハウジング,前橋支社,北関東,T1001,煎茶,お茶,1170 ,105,122850 
1488,882,2017/8/1,108,デザインアルテ,浦安支社,南関東,E1001,ミネラルウォーター,その他,820 ,150,123000 
1488,883,2017/8/1,108,デザインアルテ,浦安支社,南関東,E1002,コーンスープ,その他,1500 ,75,112500 
1489,884,2017/8/1,109,若槻自動車,横浜支社,南関東,E1001,ミネラルウォーター,その他,820 ,150,123000 
1489,885,2017/8/1,109,若槻自動車,横浜支社,南関東,E1003,カップ麺詰め合わせ,その他,1800 ,120,216000 
1490,886,2017/8/1,110,辻本飲料販売,横浜支社,南関東,T1001,煎茶,お茶,1170 ,150,175500 
1490,887,2017/8/1,110,辻本飲料販売,横浜支社,南関東,T1002,麦茶,お茶,900 ,150,135000 
1490,888,2017/8/1,110,辻本飲料販売,横浜支社,南関東,T1003,紅茶,お茶,1800 ,150,270000 
1491,889,2017/8/15,101,深田出版,本社,東京都内,E1001,ミネラルウォーター,その他,820 ,150,123000 
1491,890,2017/8/15,101,深田出版,本社,東京都内,E1002,コーンスープ,その他,1500 ,120,180000 
1492,891,2017/8/15,102,寺本システム,本社,東京都内,E1001,ミネラルウォーター,その他,820 ,150,123000 
1492,892,2017/8/15,102,寺本システム,本社,東京都内,E1003,カップ麺詰め合わせ,その他,1800 ,150,270000 
1492,893,2017/8/15,102,寺本システム,本社,東京都内,C1003,無糖コーヒー,コーヒー,2000 ,750,1500000 
1493,894,2017/8/15,103,西山フーズ,新宿支社,東京都内,T1001,煎茶,お茶,1170 ,90,105300 
1493,895,2017/8/15,103,西山フーズ,新宿支社,東京都内,T1003,紅茶,お茶,1800 ,150,270000 
1494,896,2017/8/15,104,吉村不動産,新宿支社,東京都内,E1001,ミネラルウォーター,その他,820 ,120,98400 
1494,897,2017/8/15,104,吉村不動産,新宿支社,東京都内,E1003,カップ麺詰め合わせ,その他,1800 ,75,135000 
1495,898,2017/8/15,105,川越トラベル,さいたま支社,北関東,E1001,ミネラルウォーター,その他,820 ,120,98400 
1495,899,2017/8/15,105,川越トラベル,さいたま支社,北関東,E1004,ココア,その他,1300 ,75,97500 
1496,900,2017/8/15,106,森本食品,さいたま支社,北関東,C1001,ドリップコーヒー,コーヒー,2150 ,375,806250 
1496,901,2017/8/15,106,森本食品,さいたま支社,北関東,C1002,カフェオーレ,コーヒー,1700 ,600,1020000 
1497,902,2017/8/15,107,鈴木ハウジング,前橋支社,北関東,T1001,煎茶,お茶,1170 ,105,122850 
1498,903,2017/8/15,108,デザインアルテ,浦安支社,南関東,E1001,ミネラルウォーター,その他,820 ,150,123000 
1498,904,2017/8/15,108,デザインアルテ,浦安支社,南関東,E1002,コーンスープ,その他,1500 ,150,225000 
1499,905,2017/8/15,109,若槻自動車,横浜支社,南関東,E1001,ミネラルウォーター,その他,820 ,225,184500 
1499,906,2017/8/15,109,若槻自動車,横浜支社,南関東,E1003,カップ麺詰め合わせ,その他,1800 ,60,108000 
1500,907,2017/8/15,110,辻本飲料販売,横浜支社,南関東,T1001,煎茶,お茶,1170 ,150,175500 
1500,908,2017/8/15,110,辻本飲料販売,横浜支社,南関東,T1002,麦茶,お茶,900 ,150,135000 
1500,909,2017/8/15,110,辻本飲料販売,横浜支社,南関東,T1003,紅茶,お茶,1800 ,210,378000 
1501,910,2017/9/1,101,深田出版,本社,東京都内,E1001,ミネラルウォーター,その他,820 ,150,123000 
1501,911,2017/9/1,101,深田出版,本社,東京都内,E1002,コーンスープ,その他,1500 ,75,112500 
1502,912,2017/9/1,102,寺本システム,本社,東京都内,E1001,ミネラルウォーター,その他,820 ,150,123000 
1502,913,2017/9/1,102,寺本システム,本社,東京都内,E1003,カップ麺詰め合わせ,その他,1800 ,150,270000 
1502,914,2017/9/1,102,寺本システム,本社,東京都内,C1003,無糖コーヒー,コーヒー,2000 ,750,1500000 
1503,915,2017/9/1,103,西山フーズ,新宿支社,東京都内,T1001,煎茶,お茶,1170 ,120,140400 
1503,916,2017/9/1,103,西山フーズ,新宿支社,東京都内,T1003,紅茶,お茶,1800 ,150,270000 
1504,917,2017/9/1,104,吉村不動産,新宿支社,東京都内,E1001,ミネラルウォーター,その他,820 ,150,123000 
1504,918,2017/9/1,104,吉村不動産,新宿支社,東京都内,E1003,カップ麺詰め合わせ,その他,1800 ,105,189000 
1504,919,2017/9/1,104,吉村不動産,新宿支社,東京都内,E1004,ココア,その他,1300 ,30,39000 
1505,920,2017/9/1,105,川越トラベル,さいたま支社,北関東,E1001,ミネラルウォーター,その他,820 ,120,98400 
1505,921,2017/9/1,105,川越トラベル,さいたま支社,北関東,E1004,ココア,その他,1300 ,60,78000 
1506,922,2017/9/1,106,森本食品,さいたま支社,北関東,C1001,ドリップコーヒー,コーヒー,2150 ,525,1128750 
1506,923,2017/9/1,106,森本食品,さいたま支社,北関東,C1002,カフェオーレ,コーヒー,1700 ,300,510000 
1507,924,2017/9/1,107,鈴木ハウジング,前橋支社,北関東,T1001,煎茶,お茶,1170 ,105,122850 
1507,925,2017/9/1,107,鈴木ハウジング,前橋支社,北関東,C1001,ドリップコーヒー,コーヒー,2150 ,75,161250 
1507,926,2017/9/1,107,鈴木ハウジング,前橋支社,北関東,C1003,無糖コーヒー,コーヒー,2000 ,75,150000 
1508,927,2017/9/1,108,デザインアルテ,浦安支社,南関東,E1001,ミネラルウォーター,その他,820 ,225,184500 
1508,928,2017/9/1,108,デザインアルテ,浦安支社,南関東,E1002,コーンスープ,その他,1500 ,105,157500 
1509,929,2017/9/1,109,若槻自動車,横浜支社,南関東,E1001,ミネラルウォーター,その他,820 ,225,184500 
1509,930,2017/9/1,109,若槻自動車,横浜支社,南関東,E1003,カップ麺詰め合わせ,その他,1800 ,30,54000 
1510,931,2017/9/1,110,辻本飲料販売,横浜支社,南関東,T1001,煎茶,お茶,1170 ,150,175500 
1510,932,2017/9/1,110,辻本飲料販売,横浜支社,南関東,T1002,麦茶,お茶,900 ,120,108000 
1510,933,2017/9/1,110,辻本飲料販売,横浜支社,南関東,T1003,紅茶,お茶,1800 ,225,405000 
1511,934,2017/9/15,101,深田出版,本社,東京都内,E1001,ミネラルウォーター,その他,820 ,180,147600 
1511,935,2017/9/15,101,深田出版,本社,東京都内,E1002,コーンスープ,その他,1500 ,75,112500 
1512,936,2017/9/15,102,寺本システム,本社,東京都内,E1001,ミネラルウォーター,その他,820 ,150,123000 
1512,937,2017/9/15,102,寺本システム,本社,東京都内,E1003,カップ麺詰め合わせ,その他,1800 ,150,270000 
1512,938,2017/9/15,102,寺本システム,本社,東京都内,C1003,無糖コーヒー,コーヒー,2000 ,600,1200000 
1513,939,2017/9/15,103,西山フーズ,新宿支社,東京都内,T1001,煎茶,お茶,1170 ,60,70200 
1513,940,2017/9/15,103,西山フーズ,新宿支社,東京都内,T1003,紅茶,お茶,1800 ,150,270000 
1514,941,2017/9/15,104,吉村不動産,新宿支社,東京都内,E1001,ミネラルウォーター,その他,820 ,150,123000 
1514,942,2017/9/15,104,吉村不動産,新宿支社,東京都内,E1003,カップ麺詰め合わせ,その他,1800 ,120,216000 
1515,943,2017/9/15,105,川越トラベル,さいたま支社,北関東,E1001,ミネラルウォーター,その他,820 ,90,73800 
1515,944,2017/9/15,105,川越トラベル,さいたま支社,北関東,E1004,ココア,その他,1300 ,150,195000 
1516,945,2017/9/15,106,森本食品,さいたま支社,北関東,C1001,ドリップコーヒー,コーヒー,2150 ,300,645000 
1516,946,2017/9/15,106,森本食品,さいたま支社,北関東,C1002,カフェオーレ,コーヒー,1700 ,600,1020000 
1517,947,2017/9/15,107,鈴木ハウジング,前橋支社,北関東,T1001,煎茶,お茶,1170 ,105,122850 
1518,948,2017/9/15,108,デザインアルテ,浦安支社,南関東,E1001,ミネラルウォーター,その他,820 ,150,123000 
1518,949,2017/9/15,108,デザインアルテ,浦安支社,南関東,E1002,コーンスープ,その他,1500 ,105,157500 
1519,950,2017/9/15,109,若槻自動車,横浜支社,南関東,E1001,ミネラルウォーター,その他,820 ,150,123000 
1519,951,2017/9/15,109,若槻自動車,横浜支社,南関東,E1003,カップ麺詰め合わせ,その他,1800 ,75,135000 
1520,952,2017/9/15,110,辻本飲料販売,横浜支社,南関東,T1001,煎茶,お茶,1170 ,150,175500 
1520,953,2017/9/15,110,辻本飲料販売,横浜支社,南関東,T1002,麦茶,お茶,900 ,150,135000 
1520,954,2017/9/15,110,辻本飲料販売,横浜支社,南関東,T1003,紅茶,お茶,1800 ,150,270000 
1521,955,2017/10/1,101,深田出版,本社,東京都内,E1001,ミネラルウォーター,その他,820 ,150,123000 
1521,956,2017/10/1,101,深田出版,本社,東京都内,E1002,コーンスープ,その他,1500 ,120,180000 
1522,957,2017/10/1,102,寺本システム,本社,東京都内,E1001,ミネラルウォーター,その他,820 ,150,123000 
1522,958,2017/10/1,102,寺本システム,本社,東京都内,E1003,カップ麺詰め合わせ,その他,1800 ,150,270000 
1522,959,2017/10/1,102,寺本システム,本社,東京都内,C1003,無糖コーヒー,コーヒー,2000 ,750,1500000 
1523,960,2017/10/1,103,西山フーズ,新宿支社,東京都内,T1001,煎茶,お茶,1170 ,120,140400 
1523,961,2017/10/1,103,西山フーズ,新宿支社,東京都内,T1003,紅茶,お茶,1800 ,150,270000 
1524,962,2017/10/1,104,吉村不動産,新宿支社,東京都内,E1001,ミネラルウォーター,その他,820 ,180,147600 
1524,963,2017/10/1,104,吉村不動産,新宿支社,東京都内,E1003,カップ麺詰め合わせ,その他,1800 ,75,135000 
1524,964,2017/10/1,104,吉村不動産,新宿支社,東京都内,E1004,ココア,その他,1300 ,30,39000 
1525,965,2017/10/1,105,川越トラベル,さいたま支社,北関東,E1001,ミネラルウォーター,その他,820 ,120,98400 
1525,966,2017/10/1,105,川越トラベル,さいたま支社,北関東,E1004,ココア,その他,1300 ,60,78000 
1526,967,2017/10/1,106,森本食品,さいたま支社,北関東,C1001,ドリップコーヒー,コーヒー,2150 ,375,806250 
1526,968,2017/10/1,106,森本食品,さいたま支社,北関東,C1002,カフェオーレ,コーヒー,1700 ,525,892500 
1527,969,2017/10/1,107,鈴木ハウジング,前橋支社,北関東,T1001,煎茶,お茶,1170 ,105,122850 
1528,970,2017/10/1,108,デザインアルテ,浦安支社,南関東,E1001,ミネラルウォーター,その他,820 ,150,123000 
1528,971,2017/10/1,108,デザインアルテ,浦安支社,南関東,E1002,コーンスープ,その他,1500 ,150,225000 
1529,972,2017/10/1,109,若槻自動車,横浜支社,南関東,E1001,ミネラルウォーター,その他,820 ,225,184500 
1529,973,2017/10/1,109,若槻自動車,横浜支社,南関東,E1003,カップ麺詰め合わせ,その他,1800 ,30,54000 
1530,974,2017/10/1,110,辻本飲料販売,横浜支社,南関東,T1001,煎茶,お茶,1170 ,165,193050 
1530,975,2017/10/1,110,辻本飲料販売,横浜支社,南関東,T1002,麦茶,お茶,900 ,180,162000 
1530,976,2017/10/1,110,辻本飲料販売,横浜支社,南関東,T1003,紅茶,お茶,1800 ,210,378000 
1531,977,2017/10/15,101,深田出版,本社,東京都内,E1001,ミネラルウォーター,その他,820 ,150,123000 
1531,978,2017/10/15,101,深田出版,本社,東京都内,E1002,コーンスープ,その他,1500 ,150,225000 
1532,979,2017/10/15,102,寺本システム,本社,東京都内,E1001,ミネラルウォーター,その他,820 ,180,147600 
1532,980,2017/10/15,102,寺本システム,本社,東京都内,E1003,カップ麺詰め合わせ,その他,1800 ,150,270000 
1532,981,2017/10/15,102,寺本システム,本社,東京都内,C1003,無糖コーヒー,コーヒー,2000 ,600,1200000 
1533,982,2017/10/15,103,西山フーズ,新宿支社,東京都内,T1001,煎茶,お茶,1170 ,90,105300 
1533,983,2017/10/15,103,西山フーズ,新宿支社,東京都内,T1003,紅茶,お茶,1800 ,150,270000 
1534,984,2017/10/15,104,吉村不動産,新宿支社,東京都内,E1001,ミネラルウォーター,その他,820 ,150,123000 
1534,985,2017/10/15,104,吉村不動産,新宿支社,東京都内,E1003,カップ麺詰め合わせ,その他,1800 ,105,189000 
1535,986,2017/10/15,105,川越トラベル,さいたま支社,北関東,E1001,ミネラルウォーター,その他,820 ,120,98400 
1535,987,2017/10/15,105,川越トラベル,さいたま支社,北関東,E1004,ココア,その他,1300 ,60,78000 
1536,988,2017/10/15,106,森本食品,さいたま支社,北関東,C1001,ドリップコーヒー,コーヒー,2150 ,750,1612500 
1536,989,2017/10/15,106,森本食品,さいたま支社,北関東,C1002,カフェオーレ,コーヒー,1700 ,600,1020000 
1537,990,2017/10/15,107,鈴木ハウジング,前橋支社,北関東,T1001,煎茶,お茶,1170 ,105,122850 
1538,991,2017/10/15,108,デザインアルテ,浦安支社,南関東,E1001,ミネラルウォーター,その他,820 ,150,123000 
1538,992,2017/10/15,108,デザインアルテ,浦安支社,南関東,E1002,コーンスープ,その他,1500 ,225,337500 
1539,993,2017/10/15,109,若槻自動車,横浜支社,南関東,E1001,ミネラルウォーター,その他,820 ,225,184500 
1539,994,2017/10/15,109,若槻自動車,横浜支社,南関東,E1003,カップ麺詰め合わせ,その他,1800 ,75,135000 
1540,995,2017/10/15,110,辻本飲料販売,横浜支社,南関東,T1001,煎茶,お茶,1170 ,150,175500 
1540,996,2017/10/15,110,辻本飲料販売,横浜支社,南関東,T1002,麦茶,お茶,900 ,180,162000 
1540,997,2017/10/15,110,辻本飲料販売,横浜支社,南関東,T1003,紅茶,お茶,1800 ,210,378000 
1541,998,2017/11/1,101,深田出版,本社,東京都内,E1001,ミネラルウォーター,その他,820 ,120,98400 
1541,999,2017/11/1,101,深田出版,本社,東京都内,E1002,コーンスープ,その他,1500 ,75,112500 
1542,1000,2017/11/1,102,寺本システム,本社,東京都内,E1001,ミネラルウォーター,その他,820 ,180,147600 
1542,1001,2017/11/1,102,寺本システム,本社,東京都内,E1003,カップ麺詰め合わせ,その他,1800 ,150,270000 
1542,1002,2017/11/1,102,寺本システム,本社,東京都内,C1003,無糖コーヒー,コーヒー,2000 ,900,1800000 
1543,1003,2017/11/1,103,西山フーズ,新宿支社,東京都内,T1001,煎茶,お茶,1170 ,60,70200 
1543,1004,2017/11/1,103,西山フーズ,新宿支社,東京都内,T1003,紅茶,お茶,1800 ,150,270000 
1544,1005,2017/11/1,104,吉村不動産,新宿支社,東京都内,E1001,ミネラルウォーター,その他,820 ,120,98400 
1544,1006,2017/11/1,104,吉村不動産,新宿支社,東京都内,E1003,カップ麺詰め合わせ,その他,1800 ,75,135000 
1544,1007,2017/11/1,104,吉村不動産,新宿支社,東京都内,E1004,ココア,その他,1300 ,30,39000 
1545,1008,2017/11/1,105,川越トラベル,さいたま支社,北関東,E1001,ミネラルウォーター,その他,820 ,120,98400 
1545,1009,2017/11/1,105,川越トラベル,さいたま支社,北関東,E1004,ココア,その他,1300 ,60,78000 
1546,1010,2017/11/1,106,森本食品,さいたま支社,北関東,C1001,ドリップコーヒー,コーヒー,2150 ,300,645000 
1546,1011,2017/11/1,106,森本食品,さいたま支社,北関東,C1002,カフェオーレ,コーヒー,1700 ,300,510000 
1547,1012,2017/11/1,107,鈴木ハウジング,前橋支社,北関東,T1001,煎茶,お茶,1170 ,105,122850 
1548,1013,2017/11/1,108,デザインアルテ,浦安支社,南関東,E1001,ミネラルウォーター,その他,820 ,225,184500 
1548,1014,2017/11/1,108,デザインアルテ,浦安支社,南関東,E1002,コーンスープ,その他,1500 ,105,157500 
1549,1015,2017/11/1,109,若槻自動車,横浜支社,南関東,E1001,ミネラルウォーター,その他,820 ,150,123000 
1549,1016,2017/11/1,109,若槻自動車,横浜支社,南関東,E1003,カップ麺詰め合わせ,その他,1800 ,75,135000 
1550,1017,2017/11/1,110,辻本飲料販売,横浜支社,南関東,T1001,煎茶,お茶,1170 ,180,210600 
1550,1018,2017/11/1,110,辻本飲料販売,横浜支社,南関東,T1002,麦茶,お茶,900 ,150,135000 
1550,1019,2017/11/1,110,辻本飲料販売,横浜支社,南関東,T1003,紅茶,お茶,1800 ,180,324000 
1551,1020,2017/11/15,101,深田出版,本社,東京都内,E1001,ミネラルウォーター,その他,820 ,150,123000 
1551,1021,2017/11/15,101,深田出版,本社,東京都内,E1002,コーンスープ,その他,1500 ,75,112500 
1552,1022,2017/11/15,102,寺本システム,本社,東京都内,E1001,ミネラルウォーター,その他,820 ,150,123000 
1552,1023,2017/11/15,102,寺本システム,本社,東京都内,E1003,カップ麺詰め合わせ,その他,1800 ,150,270000 
1552,1024,2017/11/15,102,寺本システム,本社,東京都内,C1003,無糖コーヒー,コーヒー,2000 ,900,1800000 
1553,1025,2017/11/15,103,西山フーズ,新宿支社,東京都内,T1001,煎茶,お茶,1170 ,60,70200 
1553,1026,2017/11/15,103,西山フーズ,新宿支社,東京都内,T1003,紅茶,お茶,1800 ,150,270000 
1554,1027,2017/11/15,104,吉村不動産,新宿支社,東京都内,E1001,ミネラルウォーター,その他,820 ,120,98400 
1554,1028,2017/11/15,104,吉村不動産,新宿支社,東京都内,E1003,カップ麺詰め合わせ,その他,1800 ,105,189000 
1555,1029,2017/11/15,105,川越トラベル,さいたま支社,北関東,E1001,ミネラルウォーター,その他,820 ,150,123000 
1555,1030,2017/11/15,105,川越トラベル,さいたま支社,北関東,E1004,ココア,その他,1300 ,60,78000 
1556,1031,2017/11/15,106,森本食品,さいたま支社,北関東,C1001,ドリップコーヒー,コーヒー,2150 ,375,806250 
1556,1032,2017/11/15,106,森本食品,さいたま支社,北関東,C1002,カフェオーレ,コーヒー,1700 ,375,637500 
1557,1033,2017/11/15,107,鈴木ハウジング,前橋支社,北関東,T1001,煎茶,お茶,1170 ,105,122850 
1558,1034,2017/11/15,108,デザインアルテ,浦安支社,南関東,E1001,ミネラルウォーター,その他,820 ,150,123000 
1558,1035,2017/11/15,108,デザインアルテ,浦安支社,南関東,E1002,コーンスープ,その他,1500 ,105,157500 
1559,1036,2017/11/15,109,若槻自動車,横浜支社,南関東,E1001,ミネラルウォーター,その他,820 ,225,184500 
1559,1037,2017/11/15,109,若槻自動車,横浜支社,南関東,E1003,カップ麺詰め合わせ,その他,1800 ,60,108000 
1560,1038,2017/11/15,110,辻本飲料販売,横浜支社,南関東,T1001,煎茶,お茶,1170 ,150,175500 
1560,1039,2017/11/15,110,辻本飲料販売,横浜支社,南関東,T1002,麦茶,お茶,900 ,150,135000 
1560,1040,2017/11/15,110,辻本飲料販売,横浜支社,南関東,T1003,紅茶,お茶,1800 ,210,378000 
1561,1041,2017/12/1,101,深田出版,本社,東京都内,E1001,ミネラルウォーター,その他,820 ,150,123000 
1561,1042,2017/12/1,101,深田出版,本社,東京都内,E1002,コーンスープ,その他,1500 ,120,180000 
1562,1043,2017/12/1,102,寺本システム,本社,東京都内,E1001,ミネラルウォーター,その他,820 ,150,123000 
1562,1044,2017/12/1,102,寺本システム,本社,東京都内,E1003,カップ麺詰め合わせ,その他,1800 ,150,270000 
1562,1045,2017/12/1,102,寺本システム,本社,東京都内,C1003,無糖コーヒー,コーヒー,2000 ,900,1800000 
1563,1046,2017/12/1,103,西山フーズ,新宿支社,東京都内,T1001,煎茶,お茶,1170 ,60,70200 
1563,1047,2017/12/1,103,西山フーズ,新宿支社,東京都内,T1003,紅茶,お茶,1800 ,300,540000 
1564,1048,2017/12/1,104,吉村不動産,新宿支社,東京都内,E1001,ミネラルウォーター,その他,820 ,180,147600 
1564,1049,2017/12/1,104,吉村不動産,新宿支社,東京都内,E1003,カップ麺詰め合わせ,その他,1800 ,120,216000 
1564,1050,2017/12/1,104,吉村不動産,新宿支社,東京都内,E1004,ココア,その他,1300 ,30,39000 
1565,1051,2017/12/1,105,川越トラベル,さいたま支社,北関東,E1001,ミネラルウォーター,その他,820 ,75,61500 
1565,1052,2017/12/1,105,川越トラベル,さいたま支社,北関東,E1004,ココア,その他,1300 ,60,78000 
1566,1053,2017/12/1,106,森本食品,さいたま支社,北関東,C1001,ドリップコーヒー,コーヒー,2150 ,750,1612500 
1566,1054,2017/12/1,106,森本食品,さいたま支社,北関東,C1002,カフェオーレ,コーヒー,1700 ,600,1020000 
1567,1055,2017/12/1,107,鈴木ハウジング,前橋支社,北関東,T1001,煎茶,お茶,1170 ,120,140400 
1568,1056,2017/12/1,108,デザインアルテ,浦安支社,南関東,E1001,ミネラルウォーター,その他,820 ,225,184500 
1568,1057,2017/12/1,108,デザインアルテ,浦安支社,南関東,E1002,コーンスープ,その他,1500 ,75,112500 
1569,1058,2017/12/1,109,若槻自動車,横浜支社,南関東,E1001,ミネラルウォーター,その他,820 ,225,184500 
1569,1059,2017/12/1,109,若槻自動車,横浜支社,南関東,E1003,カップ麺詰め合わせ,その他,1800 ,30,54000 
1570,1060,2017/12/1,110,辻本飲料販売,横浜支社,南関東,T1001,煎茶,お茶,1170 ,225,263250 
1570,1061,2017/12/1,110,辻本飲料販売,横浜支社,南関東,T1002,麦茶,お茶,900 ,150,135000 
1570,1062,2017/12/1,110,辻本飲料販売,横浜支社,南関東,T1003,紅茶,お茶,1800 ,210,378000 
1571,1063,2017/12/15,101,深田出版,本社,東京都内,E1001,ミネラルウォーター,その他,820 ,150,123000 
1571,1064,2017/12/15,101,深田出版,本社,東京都内,E1002,コーンスープ,その他,1500 ,120,180000 
1572,1065,2017/12/15,102,寺本システム,本社,東京都内,E1001,ミネラルウォーター,その他,820 ,180,147600 
1572,1066,2017/12/15,102,寺本システム,本社,東京都内,E1003,カップ麺詰め合わせ,その他,1800 ,225,405000 
1572,1067,2017/12/15,102,寺本システム,本社,東京都内,C1003,無糖コーヒー,コーヒー,2000 ,600,1200000 
1573,1068,2017/12/15,103,西山フーズ,新宿支社,東京都内,T1001,煎茶,お茶,1170 ,120,140400 
1573,1069,2017/12/15,103,西山フーズ,新宿支社,東京都内,T1002,麦茶,お茶,900 ,30,27000 
1573,1070,2017/12/15,103,西山フーズ,新宿支社,東京都内,T1003,紅茶,お茶,1800 ,225,405000 
1573,1071,2017/12/15,103,西山フーズ,新宿支社,東京都内,C1002,カフェオーレ,コーヒー,1700 ,150,255000 
1574,1072,2017/12/15,104,吉村不動産,新宿支社,東京都内,E1001,ミネラルウォーター,その他,820 ,150,123000 
1574,1073,2017/12/15,104,吉村不動産,新宿支社,東京都内,E1003,カップ麺詰め合わせ,その他,1800 ,75,135000 
1575,1074,2017/12/15,105,川越トラベル,さいたま支社,北関東,E1001,ミネラルウォーター,その他,820 ,120,98400 
1575,1075,2017/12/15,105,川越トラベル,さいたま支社,北関東,E1004,ココア,その他,1300 ,120,156000 
1576,1076,2017/12/15,106,森本食品,さいたま支社,北関東,C1001,ドリップコーヒー,コーヒー,2150 ,750,1612500 
1576,1077,2017/12/15,106,森本食品,さいたま支社,北関東,C1002,カフェオーレ,コーヒー,1700 ,600,1020000 
1577,1078,2017/12/15,107,鈴木ハウジング,前橋支社,北関東,T1001,煎茶,お茶,1170 ,225,263250 
1578,1079,2017/12/15,108,デザインアルテ,浦安支社,南関東,E1001,ミネラルウォーター,その他,820 ,150,123000 
1578,1080,2017/12/15,108,デザインアルテ,浦安支社,南関東,E1002,コーンスープ,その他,1500 ,150,225000 
1579,1081,2017/12/15,109,若槻自動車,横浜支社,南関東,E1001,ミネラルウォーター,その他,820 ,150,123000 
1579,1082,2017/12/15,109,若槻自動車,横浜支社,南関東,E1003,カップ麺詰め合わせ,その他,1800 ,120,216000 
1580,1083,2017/12/15,110,辻本飲料販売,横浜支社,南関東,T1001,煎茶,お茶,1170 ,150,175500 
1580,1084,2017/12/15,110,辻本飲料販売,横浜支社,南関東,T1002,麦茶,お茶,900 ,195,175500 
1580,1085,2017/12/15,110,辻本飲料販売,横浜支社,南関東,T1003,紅茶,お茶,1800 ,225,405000 
